latitude,longitude,year,month,Enterococcus Bacteria (MPN/100mL) - A2LA Lab,Enterococcus Bacteria (MPN/100mL) - BWB Lab
39.126776,-76.445482,2013,5,94.11135684456706,
39.126776,-76.445482,2013,6,167.17039613929015,
39.126776,-76.445482,2013,7,31.14920110267186,
39.126776,-76.445482,2013,8,21.473664155536497,
39.126776,-76.445482,2013,9,4.918611410882185,
39.126776,-76.445482,2013,10,2.6566130867660993,
39.126776,-76.445482,2013,11,2.0483445513837513,
39.126776,-76.445482,2013,12,-0.7633274448592869,
39.126776,-76.445482,2014,4,-10.062293120668926,
39.126776,-76.445482,2014,5,5.384711720883,
39.126776,-76.445482,2014,6,2.5376317848240637,
39.126776,-76.445482,2014,7,7.278528580042072,
39.126776,-76.445482,2014,8,2.336691395484043,
39.126776,-76.445482,2014,9,-2.299260669208594,
39.126776,-76.445482,2014,10,64.25430262518611,
39.126776,-76.445482,2014,11,-14.920689957886184,
39.126776,-76.445482,2014,12,24.113335118262047,
39.126776,-76.445482,2015,4,5.660353099174255,
39.126776,-76.445482,2015,5,-0.6860624098038932,
39.126776,-76.445482,2015,6,-0.4531002034508468,
39.126776,-76.445482,2015,7,-6.876570483437449,
39.126776,-76.445482,2015,8,-13.919221723661407,
39.126776,-76.445482,2015,9,-5.116559366976502,
39.126776,-76.445482,2015,10,4.036200624975568,
39.126776,-76.445482,2015,11,2.443759048879263,
39.126776,-76.445482,2015,12,6.121131879470668,
39.126776,-76.445482,2016,4,-0.07362391123326799,
39.126776,-76.445482,2016,5,-0.008841776919039228,
39.126776,-76.445482,2016,6,-0.005115170788988393,
39.126776,-76.445482,2016,7,0.0006277232351230027,
39.126776,-76.445482,2016,8,0.008877361521660817,
39.126776,-76.445482,2016,9,0.0036772013212619968,
39.126776,-76.445482,2016,10,-0.0013866981511367607,
39.126776,-76.445482,2016,11,-0.008435986710773636,
39.126776,-76.445482,2016,12,3.135783413353063,
39.126776,-76.445482,2017,4,11.60097610195377,
39.126776,-76.445482,2017,5,1.5767554926453593,
39.126776,-76.445482,2017,6,0.6484152502652746,
39.126776,-76.445482,2017,7,0.3722290831565645,
39.126776,-76.445482,2017,8,-0.0005545444218693114,
39.126776,-76.445482,2017,9,0.0019629262828149774,
39.126776,-76.445482,2017,10,0.0003403164546149143,
39.126776,-76.445482,2017,11,0.014100637697043021,
39.126776,-76.445482,2017,12,-0.12302277294465,
39.126776,-76.445482,2018,4,-0.07950071722603291,
39.126776,-76.445482,2018,5,0.14110204294800455,
39.126776,-76.445482,2018,6,5.433473089309446,
39.126776,-76.445482,2018,7,20.191951901044277,
39.126776,-76.445482,2018,8,2.2165425546029645,
39.126776,-76.445482,2018,9,5.76665086669751,
39.126776,-76.445482,2018,10,4.1527706580070545,
39.126776,-76.445482,2018,11,-4.273123788807774,
39.126776,-76.445482,2018,12,-0.06977481067316818,
39.126776,-76.445482,2019,4,16.490103461545516,
39.126776,-76.445482,2019,5,3.119853636669884,
39.126776,-76.445482,2019,6,0.04369479194176204,
39.126776,-76.445482,2019,7,-0.6039515002911872,
39.126776,-76.445482,2019,8,3.6627744965551203,
39.126776,-76.445482,2019,9,9.325779829106223,
39.126776,-76.445482,2019,10,4.288783421463143,
39.126776,-76.445482,2019,11,-3.8270845961020767,
39.126776,-76.445482,2019,12,-7.612412998692865,
39.126776,-76.445482,2020,4,5.4552317477106005,
39.126776,-76.445482,2020,5,8.722163435561535,
39.126776,-76.445482,2020,6,11.31037049459206,
39.126776,-76.445482,2020,7,11.137472355860016,
39.153209,-76.507068,2013,5,3.344584956207193,
39.153209,-76.507068,2013,6,23.52294697524765,
39.153209,-76.507068,2013,7,21.90007844379963,
39.153209,-76.507068,2013,8,13.412253685497225,
39.153209,-76.507068,2013,9,7.890401892050034,
39.153209,-76.507068,2013,10,9.381876811334415,
39.153209,-76.507068,2013,11,95.36746545606152,
39.153209,-76.507068,2013,12,521.0769489963409,
39.153209,-76.507068,2014,4,667.8954844745977,
39.153209,-76.507068,2014,5,20.453480184334357,
39.153209,-76.507068,2014,6,32.79301402963276,
39.153209,-76.507068,2014,7,-2.691786914252749,
39.153209,-76.507068,2014,8,0.6773016698212205,
39.153209,-76.507068,2014,9,-6.723666353063618,
39.153209,-76.507068,2014,10,247.9291620302643,
39.153209,-76.507068,2014,11,-45.209869803725205,
39.153209,-76.507068,2014,12,100.3174158659631,
39.153209,-76.507068,2015,4,30.99568437465851,
39.153209,-76.507068,2015,5,7.5553045490611535,
39.153209,-76.507068,2015,6,40.967214491159744,
39.153209,-76.507068,2015,7,190.19096815123677,
39.153209,-76.507068,2015,8,-29.74804767946425,
39.153209,-76.507068,2015,9,-14.018089556422833,
39.153209,-76.507068,2015,10,-0.19791004565037315,
39.153209,-76.507068,2015,11,15.830851703924539,
39.153209,-76.507068,2015,12,40.02000088958672,
39.153209,-76.507068,2016,4,10.805513777845512,
39.153209,-76.507068,2016,5,11.636813957498449,
39.153209,-76.507068,2016,6,5.476050445581379,
39.153209,-76.507068,2016,7,-0.8668740209789604,
39.153209,-76.507068,2016,8,-0.34209793474473077,
39.153209,-76.507068,2016,9,-0.0791534101140087,
39.153209,-76.507068,2016,10,0.011368852605698157,
39.153209,-76.507068,2016,11,0.0006487278595092294,
39.153209,-76.507068,2016,12,-0.00343320728747186,
39.153209,-76.507068,2017,4,-8.776557338856323e-05,
39.153209,-76.507068,2017,5,1.4815282332393106e-05,
39.153209,-76.507068,2017,6,6.2562881419878155e-06,
39.153209,-76.507068,2017,7,2.2034557365879295e-06,
39.153209,-76.507068,2017,8,9.669194310306864e-05,
39.153209,-76.507068,2017,9,-1.603879834854386e-06,
39.153209,-76.507068,2017,10,0.0018059145001802783,
39.153209,-76.507068,2017,11,0.08987596814317025,
39.153209,-76.507068,2017,12,-0.74967593538038,
39.153209,-76.507068,2018,4,11.891727998823926,
39.153209,-76.507068,2018,5,6.183080945806131,
39.153209,-76.507068,2018,6,106.95787617079036,
39.153209,-76.507068,2018,7,400.5202399176728,
39.153209,-76.507068,2018,8,30.7709226573378,
39.153209,-76.507068,2018,9,-23.44679350936564,
39.153209,-76.507068,2018,10,16.580624378224282,
39.153209,-76.507068,2018,11,-31.104424278807144,
39.153209,-76.507068,2018,12,-43.40005502133792,
39.153209,-76.507068,2019,4,6.059677675686473,
39.153209,-76.507068,2019,5,5.626116943805736,
39.153209,-76.507068,2019,6,5.435696306885899,
39.153209,-76.507068,2019,7,-1.910604699400435,
39.153209,-76.507068,2019,8,-2.881741837776786,
39.153209,-76.507068,2019,9,11.392444533989295,
39.153209,-76.507068,2019,10,68.26807106118899,
39.153209,-76.507068,2019,11,-129.55967917246466,
39.153209,-76.507068,2019,12,-272.1183735994278,
39.153209,-76.507068,2020,4,-55.017019300238395,
39.153209,-76.507068,2020,5,-4.909941112391622,
39.153209,-76.507068,2020,6,10.460344565318545,
39.153209,-76.507068,2020,7,-0.8789562564801774,
39.160976,-76.528152,2013,5,7.530740940707115,
39.160976,-76.528152,2013,6,4.28916788220148,
39.160976,-76.528152,2013,7,16.945025248920075,
39.160976,-76.528152,2013,8,57.53951133980486,
39.160976,-76.528152,2013,9,4.144962900136758,
39.160976,-76.528152,2013,10,-2.8482336486267554,
39.160976,-76.528152,2013,11,651.7885111165707,
39.160976,-76.528152,2013,12,3032.5101921687387,
39.160976,-76.528152,2014,4,3520.8073170075586,
39.160976,-76.528152,2014,5,117.90244288321722,
39.160976,-76.528152,2014,6,263.01536067430567,
39.160976,-76.528152,2014,7,-14.59574879020037,
39.160976,-76.528152,2014,8,4.899036943459795,
39.160976,-76.528152,2014,9,-1.33562812720359,
39.160976,-76.528152,2014,10,121.34041990605542,
39.160976,-76.528152,2014,11,-8.63820253885589,
39.160976,-76.528152,2014,12,131.57085814918034,
39.160976,-76.528152,2015,4,4.851227184793197,
39.160976,-76.528152,2015,5,15.979737641895351,
39.160976,-76.528152,2015,6,158.60150738446185,
39.160976,-76.528152,2015,7,730.9974616477415,
39.160976,-76.528152,2015,8,-414.83640848805067,
39.160976,-76.528152,2015,9,-119.00413789868257,
39.160976,-76.528152,2015,10,4.649154379850654,
39.160976,-76.528152,2015,11,0.027966012780582864,
39.160976,-76.528152,2015,12,0.8796605196073846,
39.160976,-76.528152,2016,4,10.657407166910502,
39.160976,-76.528152,2016,5,23.49334851656833,
39.160976,-76.528152,2016,6,4.800574968698665,
39.160976,-76.528152,2016,7,0.36898104867713755,
39.160976,-76.528152,2016,8,0.036912996986390924,
39.160976,-76.528152,2016,9,-0.006357326667539159,
39.160976,-76.528152,2016,10,-0.0013203254553751523,
39.160976,-76.528152,2016,11,-0.028253493377055176,
39.160976,-76.528152,2016,12,10.320750690212883,
39.160976,-76.528152,2017,4,7.525758059644874,
39.160976,-76.528152,2017,5,16.006195010397906,
39.160976,-76.528152,2017,6,79.1195366492072,
39.160976,-76.528152,2017,7,-0.11916034474760319,
39.160976,-76.528152,2017,8,-0.00988417404674844,
39.160976,-76.528152,2017,9,0.033867640857093276,
39.160976,-76.528152,2017,10,0.0010062417177259468,
39.160976,-76.528152,2017,11,0.0011520258848068054,
39.160976,-76.528152,2017,12,-0.0014117869971916187,
39.160976,-76.528152,2018,4,7.953540630429601e-05,
39.160976,-76.528152,2018,5,9.097187922527754e-05,
39.160976,-76.528152,2018,6,0.0012938722634809141,
39.160976,-76.528152,2018,7,-0.00027539761011523343,
39.160976,-76.528152,2018,8,0.006415777814924952,
39.160976,-76.528152,2018,9,0.009513803647960884,
39.160976,-76.528152,2018,10,-0.06338477864055825,
39.160976,-76.528152,2018,11,0.3902045186360443,
39.160976,-76.528152,2018,12,-2.6206917923242976,
39.160976,-76.528152,2019,4,4.229426408744788,
39.160976,-76.528152,2019,5,4.483278928651466,
39.160976,-76.528152,2019,6,0.08165491719458168,
39.160976,-76.528152,2019,7,-0.7285657238476827,
39.160976,-76.528152,2019,8,-2.8698260893316667,
39.160976,-76.528152,2019,9,11.417970522402344,
39.160976,-76.528152,2019,10,68.2571828686983,
39.160976,-76.528152,2019,11,-129.56324131081482,
39.160976,-76.528152,2019,12,-272.12591124473397,
39.160976,-76.528152,2020,4,-55.018930250555684,
39.160976,-76.528152,2020,5,-4.91040342196825,
39.160976,-76.528152,2020,6,10.460494890915346,
39.160976,-76.528152,2020,7,-0.8789741968891778,
39.175159,-76.523868,2013,5,5.120270076807206,
39.175159,-76.523868,2013,6,59.27563897126832,
39.175159,-76.523868,2013,7,79.36181383790985,
39.175159,-76.523868,2013,8,858.2198981699909,
39.175159,-76.523868,2013,9,-1.051578827264895,
39.175159,-76.523868,2013,10,1.9061008666132107,
39.175159,-76.523868,2013,11,292.33470007827043,
39.175159,-76.523868,2013,12,1354.2623992974875,
39.175159,-76.523868,2014,4,1568.4178889952361,
39.175159,-76.523868,2014,5,91.60502929783642,
39.175159,-76.523868,2014,6,566.9418960679413,
39.175159,-76.523868,2014,7,-51.673562521544305,
39.175159,-76.523868,2014,8,16.972687206729546,
39.175159,-76.523868,2014,9,-11.385632274062866,
39.175159,-76.523868,2014,10,540.4386497479678,
39.175159,-76.523868,2014,11,532.4386816833884,
39.175159,-76.523868,2014,12,-170.44364788053377,
39.175159,-76.523868,2015,4,-15.167837887028684,
39.175159,-76.523868,2015,5,95.10951401208752,
39.175159,-76.523868,2015,6,936.869600257279,
39.175159,-76.523868,2015,7,4328.741527794481,
39.175159,-76.523868,2015,8,-2419.283223662873,
39.175159,-76.523868,2015,9,-689.760816731664,
39.175159,-76.523868,2015,10,-4.901544754977989,
39.175159,-76.523868,2015,11,8.701917272513343,
39.175159,-76.523868,2015,12,-11.775837125643097,
39.175159,-76.523868,2016,4,-4.891625355348991,
39.175159,-76.523868,2016,5,4.549380430979512,
39.175159,-76.523868,2016,6,28.110159578472594,
39.175159,-76.523868,2016,7,-1.8801762491157898,
39.175159,-76.523868,2016,8,5.455103212157273,
39.175159,-76.523868,2016,9,6.9946754403639435,
39.175159,-76.523868,2016,10,3.3644804630197167,
39.175159,-76.523868,2016,11,37.30998161254449,
39.175159,-76.523868,2016,12,57.2715674878351,
39.175159,-76.523868,2017,4,0.7309482924477397,
39.175159,-76.523868,2017,5,-0.12297226366305836,
39.175159,-76.523868,2017,6,-0.03744629125428108,
39.175159,-76.523868,2017,7,0.00014143189188906179,
39.175159,-76.523868,2017,8,0.0021644535845246,
39.175159,-76.523868,2017,9,-6.045130601096069e-05,
39.175159,-76.523868,2017,10,-0.37754805846857775,
39.175159,-76.523868,2017,11,-3.7321285729397013,
39.175159,-76.523868,2017,12,-9.237987134707248,
39.175159,-76.523868,2018,4,2.680138175612801,
39.175159,-76.523868,2018,5,9.677233449095443,
39.175159,-76.523868,2018,6,-1.55854280736713,
39.175159,-76.523868,2018,7,16.836164620298362,
39.175159,-76.523868,2018,8,56.772851767486834,
39.175159,-76.523868,2018,9,43.286880222447245,
39.175159,-76.523868,2018,10,8.813539081299526,
39.175159,-76.523868,2018,11,-11.911066016024217,
39.175159,-76.523868,2018,12,-20.0483319042155,
39.175159,-76.523868,2019,4,7.433998667482991,
39.175159,-76.523868,2019,5,10.42315263846401,
39.175159,-76.523868,2019,6,10.34855779383383,
39.181426,-76.458249,2013,5,3.1848871511629064,
39.181426,-76.458249,2013,6,65.07164005171836,
39.181426,-76.458249,2013,7,-0.5215681123309198,
39.181426,-76.458249,2013,8,23.032609505785263,
39.181426,-76.458249,2013,9,-0.21407101622370772,
39.181426,-76.458249,2013,10,-0.02590226775180252,
39.181426,-76.458249,2013,11,-0.10503288961107501,
39.181426,-76.458249,2013,12,-0.20885026563357362,
39.181426,-76.458249,2014,4,-0.0072949764668840305,
39.181426,-76.458249,2014,5,0.00049119894452399,
39.181426,-76.458249,2014,6,-0.0002164343362570203,
39.181426,-76.458249,2014,7,-4.88817179397551e-05,
39.181426,-76.458249,2014,8,7.634455752510453e-05,
39.181426,-76.458249,2014,9,-0.004349329243886494,
39.181426,-76.458249,2014,10,-0.12869279579054205,
39.181426,-76.458249,2014,11,3.2098350329980585,
39.181426,-76.458249,2014,12,15.027321533691643,
39.181426,-76.458249,2015,4,5.752617165986938,
39.181426,-76.458249,2015,5,-0.0010593637970098214,
39.181426,-76.458249,2015,6,1.6291355190106862,
39.181426,-76.458249,2015,7,2.34205449406674,
39.181426,-76.458249,2015,8,-2.4929502706974467,
39.181426,-76.458249,2015,9,-2.874106282593302,
39.181426,-76.458249,2015,10,3.9345334314412024,
39.181426,-76.458249,2015,11,7.9798714911799316,
39.181426,-76.458249,2015,12,22.311635786950273,
39.181426,-76.458249,2016,4,-0.2578213646990307,
39.181426,-76.458249,2016,5,-0.021227582924654737,
39.181426,-76.458249,2016,6,-0.07972421881819311,
39.181426,-76.458249,2016,7,7.238300898031348,
39.181426,-76.458249,2016,8,10.951456338479218,
39.181426,-76.458249,2016,9,10.606172780327805,
39.181426,-76.458249,2016,10,1.5461999477403257,
39.181426,-76.458249,2016,11,0.063710055526331,
39.181426,-76.458249,2016,12,-0.33716361610631584,
39.181426,-76.458249,2017,4,-0.00861652170877508,
39.181426,-76.458249,2017,5,0.0014560804894691811,
39.181426,-76.458249,2017,6,0.00047740099130522064,
39.181426,-76.458249,2017,7,-5.773409266812706e-05,
39.181426,-76.458249,2017,8,3.329390912604357e-07,
39.181426,-76.458249,2017,9,-1.1233238858824375e-06,
39.181426,-76.458249,2017,10,8.736403782793281e-08,
39.181426,-76.458249,2017,11,5.9705174481502395e-06,
39.181426,-76.458249,2017,12,-5.259143521697018e-05,
39.181426,-76.458249,2018,4,-3.403626539257155e-05,
39.181426,-76.458249,2018,5,6.041237192202372e-05,
39.181426,-76.458249,2018,6,0.0021208529873701933,
39.181426,-76.458249,2018,7,0.0036246478737634504,
39.181426,-76.458249,2018,8,0.012370489538562122,
39.181426,-76.458249,2018,9,0.04996106164373572,
39.181426,-76.458249,2018,10,-0.07864239715871701,
39.181426,-76.458249,2018,11,1.8937153696120292,
39.181426,-76.458249,2018,12,6.511541243188618,
39.181426,-76.458249,2019,4,8.168688150166302,
39.181426,-76.458249,2019,5,1.510186161208512,
39.181426,-76.458249,2019,6,0.005293882504481001,
39.181426,-76.458249,2019,7,0.1399637472898637,
39.181426,-76.458249,2019,8,1.1348742306602697,
39.181426,-76.458249,2019,9,8.777732223986508,
39.181426,-76.458249,2019,10,4.74625711028041,
39.181426,-76.458249,2019,11,-3.7016517865653578,
39.181426,-76.458249,2019,12,-5.797114818205396,
39.181426,-76.458249,2020,4,12.500975152427051,
39.181426,-76.458249,2020,5,11.424452904899638,
39.181426,-76.458249,2020,6,5.149017149363798,
39.181426,-76.458249,2020,7,-0.24508292943827648,
39.187325,-76.494584,2013,5,535.3261078581909,
39.187325,-76.494584,2013,6,266.8295107846383,
39.187325,-76.494584,2013,7,5.582171633427906,
39.187325,-76.494584,2013,8,9.104688015095594,
39.187325,-76.494584,2013,9,-0.3055385612391418,
39.187325,-76.494584,2013,10,5.273327757212595,
39.187325,-76.494584,2013,11,-10.741697081499273,
39.187325,-76.494584,2013,12,-12.954526973558036,
39.187325,-76.494584,2014,4,26.962934514478697,
39.187325,-76.494584,2014,5,5.679543742398402,
39.187325,-76.494584,2014,6,-0.9212406813498263,
39.187325,-76.494584,2014,7,-0.050664256281515024,
39.187325,-76.494584,2014,8,0.012952604273101586,
39.187325,-76.494584,2014,9,0.192881501674648,
39.187325,-76.494584,2014,10,8.604516043305285,
39.187325,-76.494584,2014,11,38.1656382839509,
39.187325,-76.494584,2014,12,-22.136882342114603,
39.187325,-76.494584,2015,4,10.952345355753055,
39.187325,-76.494584,2015,5,5.479770180339068,
39.187325,-76.494584,2015,6,8.739220919450966,
39.187325,-76.494584,2015,7,9.486867724867041,
39.187325,-76.494584,2015,8,7.162605108458951,
39.187325,-76.494584,2015,9,2.0167542627729724,
39.187325,-76.494584,2015,10,-0.010091051921576178,
39.187325,-76.494584,2015,11,-0.0011395562364148032,
39.187325,-76.494584,2015,12,-0.018208057938096205,
39.187325,-76.494584,2016,4,-0.00014809421736971954,
39.187325,-76.494584,2016,5,-0.00020652253533931175,
39.187325,-76.494584,2016,6,0.0015405565089826035,
39.187325,-76.494584,2016,7,-0.05924788115974649,
39.187325,-76.494584,2016,8,-0.6407149695517481,
39.187325,-76.494584,2016,9,15.768691708789964,
39.187325,-76.494584,2016,10,3.8975084779350135,
39.187325,-76.494584,2016,11,0.1733613510423306,
39.187325,-76.494584,2016,12,-0.917547640642248,
39.187325,-76.494584,2017,4,-0.0235145568230612,
39.187325,-76.494584,2017,5,0.0039345411707173775,
39.187325,-76.494584,2017,6,0.0047178019319934015,
39.187325,-76.494584,2017,7,0.004474544345493529,
39.187325,-76.494584,2017,8,0.1954988207611971,
39.187325,-76.494584,2017,9,0.0011251563505962163,
39.187325,-76.494584,2017,10,4.626792478694309,
39.187325,-76.494584,2017,11,-4.973138878515964,
39.187325,-76.494584,2017,12,17.168271933537174,
39.187325,-76.494584,2018,4,64.49465704317107,
39.187325,-76.494584,2018,5,13.773026930283077,
39.187325,-76.494584,2018,6,65.46998386974201,
39.187325,-76.494584,2018,7,204.03673719071267,
39.187325,-76.494584,2018,8,13.091219435630492,
39.187325,-76.494584,2018,9,-26.958828637573312,
39.187325,-76.494584,2018,10,5.165453417241134,
39.187325,-76.494584,2018,11,-13.247907934359013,
39.187325,-76.494584,2018,12,-21.329696804197685,
39.187325,-76.494584,2019,4,0.10185834826852572,
39.187325,-76.494584,2019,5,0.009094230668547526,
39.187325,-76.494584,2019,6,-0.007706401086237787,
39.187325,-76.494584,2019,7,0.2029203705768393,
39.187325,-76.494584,2019,8,1.2922296595783878,
39.187325,-76.494584,2019,9,8.67480613464301,
39.187325,-76.494584,2019,10,2.255095279564419,
39.187325,-76.494584,2019,11,1.23454709386619,
39.187325,-76.494584,2019,12,4.648104503405201,
39.187325,-76.494584,2020,4,15.149056133422713,
39.187325,-76.494584,2020,5,12.065093944135523,
39.187325,-76.494584,2020,6,4.940704902709448,
39.187325,-76.494584,2020,7,-0.2202221806066912,
39.197375,-76.574604,2013,5,2.15675846288673,
39.197375,-76.574604,2013,6,6.589248984825753,
39.197375,-76.574604,2013,7,15.418060154904921,
39.197375,-76.574604,2013,8,97.38752289200207,
39.197375,-76.574604,2013,9,-1.6469826095046252,
39.197375,-76.574604,2013,10,-10.341620840633013,
39.197375,-76.574604,2013,11,1217.6741152063144,
39.197375,-76.574604,2013,12,5684.613475639659,
39.197375,-76.574604,2014,4,6598.028018924243,
39.197375,-76.574604,2014,5,206.8045541130063,
39.197375,-76.574604,2014,6,308.39113482760746,
39.197375,-76.574604,2014,7,359.8682295875762,
39.197375,-76.574604,2014,8,161.0424950217527,
39.197375,-76.574604,2014,9,-66.29093084870935,
39.197375,-76.574604,2014,10,1869.0250801295817,
39.197375,-76.574604,2014,11,-415.857993977487,
39.197375,-76.574604,2014,12,753.1969669999382,
39.197375,-76.574604,2015,4,93.33846090144215,
39.197375,-76.574604,2015,5,10.538999773188284,
39.197375,-76.574604,2015,6,68.6510722951007,
39.197375,-76.574604,2015,7,97.37082263716842,
39.197375,-76.574604,2015,8,20.99789679457564,
39.197375,-76.574604,2015,9,-4.708791194916207,
39.197375,-76.574604,2015,10,0.4960399647695884,
39.197375,-76.574604,2015,11,-1.981567366014514,
39.197375,-76.574604,2015,12,-76.59517454893403,
39.197375,-76.574604,2016,4,81.48656618772007,
39.197375,-76.574604,2016,5,22.042166364080206,
39.197375,-76.574604,2016,6,18.33160568932031,
39.197375,-76.574604,2016,7,-0.9925463994176288,
39.197375,-76.574604,2016,8,0.5557913743145372,
39.197375,-76.574604,2016,9,17.075626064199355,
39.197375,-76.574604,2016,10,8.06200212804618,
39.197375,-76.574604,2016,11,0.6521136467207218,
39.197375,-76.574604,2016,12,-100.2211554843243,
39.197375,-76.574604,2017,4,-71.45017877755913,
39.197375,-76.574604,2017,5,205.66538086464124,
39.197375,-76.574604,2017,6,-77.87377654999234,
39.197375,-76.574604,2017,7,-0.02535348809935434,
39.197375,-76.574604,2017,8,7.110489533474215,
39.197375,-76.574604,2017,9,0.9954796436184016,
39.197375,-76.574604,2017,10,0.45087801386154935,
39.197375,-76.574604,2017,11,13.685759459868093,
39.197375,-76.574604,2017,12,-21.362666559891043,
39.197375,-76.574604,2018,4,-1.6282748080438005,
39.197375,-76.574604,2018,5,2.1570901737911132,
39.197375,-76.574604,2018,6,71.08746153885137,
39.197375,-76.574604,2018,7,240.21892397019238,
39.197375,-76.574604,2018,8,25.112972885216077,
39.197375,-76.574604,2018,9,-12.13300351124417,
39.197375,-76.574604,2018,10,-3.1355625276123233,
39.197375,-76.574604,2018,11,111.38701453739304,
39.197375,-76.574604,2018,12,252.4028766241878,
39.197375,-76.574604,2019,4,-1.4806884955146604,
39.197375,-76.574604,2019,5,-0.21257599735261773,
39.197375,-76.574604,2019,6,0.8581074673651601,
39.197375,-76.574604,2019,7,-23.49302415363218,
39.197375,-76.574604,2019,8,84.05211420658858,
39.197375,-76.574604,2019,9,27.562621303388664,
39.197375,-76.574604,2019,10,0.6259926649735053,
39.197375,-76.574604,2019,11,-0.4652914272295515,
39.197375,-76.574604,2019,12,2.4867221798094414,
39.197375,-76.574604,2020,4,27.252612927698834,
39.197375,-76.574604,2020,5,16.934730614808895,
39.197375,-76.574604,2020,6,0.1777169547318017,
39.197375,-76.574604,2020,7,4.7228102392697435,
39.197375,-76.574604,2020,8,36.93083555535082,
39.197375,-76.574604,2020,9,21.825798189996128,
39.213094,-76.522536,2013,5,1211.5634523514648,
39.213094,-76.522536,2013,6,1103.4906539761312,
39.213094,-76.522536,2013,7,6.00670130281841,
39.213094,-76.522536,2013,8,120.2960786488016,
39.213094,-76.522536,2013,9,0.4551714591527089,
39.213094,-76.522536,2013,10,-13.888333734902378,
39.213094,-76.522536,2013,11,2260.2044096730147,
39.213094,-76.522536,2013,12,10587.505357573104,
39.213094,-76.522536,2014,4,12332.811424498594,
39.213094,-76.522536,2014,5,361.06999999543325,
39.213094,-76.522536,2014,6,335.0184776368705,
39.213094,-76.522536,2014,7,14.755961904241603,
39.213094,-76.522536,2014,8,-4.605200425509155,
39.213094,-76.522536,2014,9,1.8306528704874778,
39.213094,-76.522536,2014,10,11.736704103499093,
39.213094,-76.522536,2014,11,21.399874009654706,
39.213094,-76.522536,2014,12,15.905757259211692,
39.213094,-76.522536,2015,4,26.54541503873404,
39.213094,-76.522536,2015,5,15.719348015040687,
39.213094,-76.522536,2015,6,-1.0237851465406698,
39.213094,-76.522536,2015,7,-0.026592804190924416,
39.213094,-76.522536,2015,8,-0.012999148308289299,
39.213094,-76.522536,2015,9,0.002896340287020014,
39.213094,-76.522536,2015,10,-2.3019127834865775e-05,
39.213094,-76.522536,2015,11,-2.629763597008803e-06,
39.213094,-76.522536,2015,12,-4.227981498571293e-05,
39.213094,-76.522536,2016,4,6.996621161812041e-07,
39.213094,-76.522536,2016,5,8.285192529831365e-08,
39.213094,-76.522536,2016,6,1.0361094906042954e-08,
39.213094,-76.522536,2016,7,1.0703286228868275e-09,
39.213094,-76.522536,2016,8,1.0183802759711643e-10,
39.213094,-76.522536,2016,9,4.142881376266055e-11,
39.213094,-76.522536,2016,10,1.4983737858186882e-11,
39.213094,-76.522536,2016,11,3.113541707088579e-10,
39.213094,-76.522536,2016,12,-1.1372598531558164e-07,
39.213094,-76.522536,2017,4,-8.29274267528639e-08,
39.213094,-76.522536,2017,5,-3.355732530624949e-08,
39.213094,-76.522536,2017,6,4.1579123020147345e-06,
39.213094,-76.522536,2017,7,5.304290829059446e-06,
39.213094,-76.522536,2017,8,0.00023159833372051188,
39.213094,-76.522536,2017,9,-3.84871419989415e-06,
39.213094,-76.522536,2017,10,0.0030860353596489703,
39.213094,-76.522536,2017,11,-0.2110302776510848,
39.213094,-76.522536,2017,12,6.747976278101423,
39.213094,-76.522536,2018,4,34.52563482195395,
39.213094,-76.522536,2018,5,6.592217474177375,
39.213094,-76.522536,2018,6,31.39710666054695,
39.213094,-76.522536,2018,7,77.21515273517397,
39.213094,-76.522536,2018,8,5.764870908250919,
39.213094,-76.522536,2018,9,-0.771401139137484,
39.213094,-76.522536,2018,10,4.806440131331412,
39.213094,-76.522536,2018,11,4.24051985564907,
39.213094,-76.522536,2018,12,9.578224058094822,
39.213094,-76.522536,2019,4,8.371634683414342,
39.213094,-76.522536,2019,5,8.982826762515039,
39.213094,-76.522536,2019,6,-0.052607876593309545,
39.213094,-76.522536,2019,7,7.502895064293194,
39.213094,-76.522536,2019,8,-0.1526004507198131,
39.213094,-76.522536,2019,9,9.231279602200933,
39.213094,-76.522536,2019,10,35.070713679733686,
39.213094,-76.522536,2019,11,-63.015559577761714,
39.213094,-76.522536,2019,12,-131.30801717606772,
39.213094,-76.522536,2020,4,-19.318656700952726,
39.213094,-76.522536,2020,5,3.7264398286575813,
39.213094,-76.522536,2020,6,7.6521199799273765,
39.213094,-76.522536,2020,7,-0.5438124173570938,
39.213125,-76.4534,2013,5,-0.6683303149056004,
39.213125,-76.4534,2013,6,-0.07877903228838962,
39.213125,-76.4534,2013,7,5.383972328206021,
39.213125,-76.4534,2013,8,21.560833125292874,
39.213125,-76.4534,2013,9,-0.17469712904093357,
39.213125,-76.4534,2013,10,-0.04640517584434318,
39.213125,-76.4534,2013,11,2.9627088242871817,
39.213125,-76.4534,2013,12,14.220543503757265,
39.213125,-76.4534,2014,4,27.818681992753277,
39.213125,-76.4534,2014,5,5.592200426717039,
39.213125,-76.4534,2014,6,-0.8433484804170264,
39.213125,-76.4534,2014,7,0.9284889976558002,
39.213125,-76.4534,2014,8,0.15877433930497098,
39.213125,-76.4534,2014,9,1.650393115375428,
39.213125,-76.4534,2014,10,38.61347947313923,
39.213125,-76.4534,2014,11,-8.92349907304831,
39.213125,-76.4534,2014,12,14.511449611492068,
39.213125,-76.4534,2015,4,-3.0759018362636907,
39.213125,-76.4534,2015,5,7.65223271506285,
39.213125,-76.4534,2015,6,22.45087493774967,
39.213125,-76.4534,2015,7,29.982556469094245,
39.213125,-76.4534,2015,8,22.54290688493075,
39.213125,-76.4534,2015,9,6.347342099023507,
39.213125,-76.4534,2015,10,-0.03176056046927394,
39.213125,-76.4534,2015,11,-0.0036284070532508817,
39.213125,-76.4534,2015,12,-0.05833542571294179,
39.213125,-76.4534,2016,4,0.0009653564168624248,
39.213125,-76.4534,2016,5,0.00011431469395578469,
39.213125,-76.4534,2016,6,1.4295417593187632e-05,
39.213125,-76.4534,2016,7,1.4872139686288542e-06,
39.213125,-76.4534,2016,8,8.404557811396776e-07,
39.213125,-76.4534,2016,9,6.878501360420466e-07,
39.213125,-76.4534,2016,10,7.414697230220363e-08,
39.213125,-76.4534,2016,11,2.183127995135742e-09,
39.213125,-76.4534,2016,12,2.2683803685223998e-07,
39.213125,-76.4534,2017,4,1.760025911396502e-07,
39.213125,-76.4534,2017,5,7.144177737426591e-08,
39.213125,-76.4534,2017,6,-8.843897278127397e-06,
39.213125,-76.4534,2017,7,2.177756270321649e-05,
39.213125,-76.4534,2017,8,0.0001276409037775804,
39.213125,-76.4534,2017,9,-1.652654666497204e-06,
39.213125,-76.4534,2017,10,0.0027182954522525843,
39.213125,-76.4534,2017,11,0.463269329631674,
39.213125,-76.4534,2017,12,2.132036861392619,
39.213125,-76.4534,2018,4,0.5374444821646629,
39.213125,-76.4534,2018,5,-0.7781261287491487,
39.213125,-76.4534,2018,6,11.257737131048218,
39.213125,-76.4534,2018,7,3.696744239158138,
39.213125,-76.4534,2018,8,-0.009637039287527406,
39.213125,-76.4534,2018,9,0.32054688650544694,
39.213125,-76.4534,2018,10,-0.19953894589589213,
39.213125,-76.4534,2018,11,3.8953498813823204,
39.213125,-76.4534,2018,12,13.195965591837187,
39.213125,-76.4534,2019,4,16.337286717942273,
39.213125,-76.4534,2019,5,3.020762161368963,
39.213125,-76.4534,2019,6,0.01690736504602058,
39.213125,-76.4534,2019,7,0.10642148759404753,
39.213125,-76.4534,2019,8,1.1345013677754392,
39.213125,-76.4534,2019,9,8.777030995980294,
39.213125,-76.4534,2019,10,4.747118072781965,
39.213125,-76.4534,2019,11,-3.7026447665393034,
39.213125,-76.4534,2019,12,-5.7992160085871145,
39.213125,-76.4534,2020,4,12.500442456835325,
39.213125,-76.4534,2020,5,11.424324031704323,
39.213125,-76.4534,2020,6,5.1490590540548915,
39.213125,-76.4534,2020,7,-0.24508793049806452,
39.223374,-76.56862,2013,5,11.558309482681812,
39.223374,-76.56862,2013,6,239.93812752927397,
39.223374,-76.56862,2013,7,5.041740567377316,
39.223374,-76.56862,2013,8,28.322793996209796,
39.223374,-76.56862,2013,9,-1.0034451221541043,
39.223374,-76.56862,2013,10,8.845986407223632,
39.223374,-76.56862,2013,11,471.74759775713443,
39.223374,-76.56862,2013,12,2211.716425037584,
39.223374,-76.56862,2014,4,2701.0279944167664,
39.223374,-76.56862,2014,5,780.1948292247022,
39.223374,-76.56862,2014,6,8962.5201855155,
39.223374,-76.56862,2014,7,-987.4822829305315,
39.223374,-76.56862,2014,8,311.9505035562157,
39.223374,-76.56862,2014,9,-7.182293657556099,
39.223374,-76.56862,2014,10,315.3043960922951,
39.223374,-76.56862,2014,11,-34.185215115331886,
39.223374,-76.56862,2014,12,124.68045164556403,
39.223374,-76.56862,2015,4,9.28277397719551,
39.223374,-76.56862,2015,5,24.750510686320172,
39.223374,-76.56862,2015,6,149.0535420338883,
39.223374,-76.56862,2015,7,197.0212544411032,
39.223374,-76.56862,2015,8,47.02915255720189,
39.223374,-76.56862,2015,9,-10.114632148466848,
39.223374,-76.56862,2015,10,-0.09382472493750556,
39.223374,-76.56862,2015,11,-7.790942060465365,
39.223374,-76.56862,2015,12,-191.54374577124307,
39.223374,-76.56862,2016,4,230.4723260812295,
39.223374,-76.56862,2016,5,46.24875554207735,
39.223374,-76.56862,2016,6,8.845599398205316,
39.223374,-76.56862,2016,7,0.8498626616875159,
39.223374,-76.56862,2016,8,0.3080721157928009,
39.223374,-76.56862,2016,9,5.311931771992727,
39.223374,-76.56862,2016,10,3.2402526509199086,
39.223374,-76.56862,2016,11,4.865193788471566,
39.223374,-76.56862,2016,12,-45.802243262453864,
39.223374,-76.56862,2017,4,-24.12475797367015,
39.223374,-76.56862,2017,5,68.61237527262833,
39.223374,-76.56862,2017,6,-26.394418573446867,
39.223374,-76.56862,2017,7,-0.5861708113208288,
39.223374,-76.56862,2017,8,21.231709889077482,
39.223374,-76.56862,2017,9,3.123441897251923,
39.223374,-76.56862,2017,10,0.2970441100021236,
39.223374,-76.56862,2017,11,6.627761077161094,
39.223374,-76.56862,2017,12,-3.8758583796377186,
39.223374,-76.56862,2018,4,36.038004985170886,
39.223374,-76.56862,2018,5,8.345699042792262,
39.223374,-76.56862,2018,6,25.490215749441518,
39.223374,-76.56862,2018,7,85.76762365051314,
39.223374,-76.56862,2018,8,15.231523480930962,
39.223374,-76.56862,2018,9,5.346740987981089,
39.223374,-76.56862,2018,10,4.0299134122332925,
39.223374,-76.56862,2018,11,4.369053669434432,
39.223374,-76.56862,2018,12,11.656039751102403,
39.223374,-76.56862,2019,4,4.148679084745036,
39.223374,-76.56862,2019,5,4.499195872031555,
39.223374,-76.56862,2019,6,-0.12612284847714486,
39.223374,-76.56862,2019,7,8.006739709259818,
39.223374,-76.56862,2019,8,1.6503112193188307,
39.223374,-76.56862,2019,9,8.051972682320265,
39.223374,-76.56862,2019,10,7.404343529438071,
39.223374,-76.56862,2019,11,-1.5624287909081882,
39.223374,-76.56862,2019,12,-0.6365864994440126,
39.223374,-76.56862,2020,4,28.6171581765823,
39.223374,-76.56862,2020,5,17.611877898045428,
39.223374,-76.56862,2020,6,2.0276138493963964,
39.223374,-76.56862,2020,7,36.642693949832335,
39.223374,-76.56862,2020,8,294.74122992671516,
39.223374,-76.56862,2020,9,212.19253686764523,
39.235341,-76.555953,2013,5,2.6035979887277856,
39.235341,-76.555953,2013,6,-2.206853558578046,
39.235341,-76.555953,2013,7,68.00141710352374,
39.235341,-76.555953,2013,8,187.95369367593153,
39.235341,-76.555953,2013,9,-11.982141576867145,
39.235341,-76.555953,2013,10,30.694943501375118,
39.235341,-76.555953,2013,11,2.417590117458029,
39.235341,-76.555953,2013,12,68.89825029092525,
39.235341,-76.555953,2014,4,21.912358865044233,
39.235341,-76.555953,2014,5,-40.828415047983704,
39.235341,-76.555953,2014,6,-179.03791031377625,
39.235341,-76.555953,2014,7,18.356104886385125,
39.235341,-76.555953,2014,8,2881.54647816496,
39.235341,-76.555953,2014,9,-99.79104266401647,
39.235341,-76.555953,2014,10,76.07765065829054,
39.235341,-76.555953,2014,11,9.737472535303441,
39.235341,-76.555953,2014,12,58.9244073977495,
39.235341,-76.555953,2015,4,27.46541932695552,
39.235341,-76.555953,2015,5,99.63115918015858,
39.235341,-76.555953,2015,6,317.26517589896423,
39.235341,-76.555953,2015,7,24.07296992612714,
39.235341,-76.555953,2015,8,14.349941724935317,
39.235341,-76.555953,2015,9,143.9923195749746,
39.235341,-76.555953,2015,10,158.9916174528423,
39.235341,-76.555953,2015,11,25.903051616491137,
39.235341,-76.555953,2015,12,5.987538077177721,
39.235341,-76.555953,2016,4,14.485295155443586,
39.235341,-76.555953,2016,5,-39.894200955912595,
39.235341,-76.555953,2016,6,2154.4002999264367,
39.235341,-76.555953,2016,7,381.4316241531019,
39.235341,-76.555953,2016,8,204.33675349794004,
39.235341,-76.555953,2016,9,1.1142520104126097,
39.235341,-76.555953,2016,10,8.768074704742828,
39.235341,-76.555953,2016,11,-2.456616272495636,
39.235341,-76.555953,2016,12,-45.36192358901185,
39.235341,-76.555953,2017,4,-17.286622846132218,
39.235341,-76.555953,2017,5,50.16075616631864,
39.235341,-76.555953,2017,6,-21.56017534506378,
39.235341,-76.555953,2017,7,0.45461254536570456,
39.235341,-76.555953,2017,8,0.024180638610192238,
39.235341,-76.555953,2017,9,0.11104620458033113,
39.235341,-76.555953,2017,10,3.9780645451092678,
39.235341,-76.555953,2017,11,0.5927170920895715,
39.235341,-76.555953,2017,12,-13.93587530215794,
39.235341,-76.555953,2018,4,65.16192426534549,
39.235341,-76.555953,2018,5,-4.084911246784164,
39.235341,-76.555953,2018,6,0.21947886070521588,
39.235341,-76.555953,2018,7,0.4363899929083477,
39.235341,-76.555953,2018,8,20.488587255738885,
39.235341,-76.555953,2018,9,47.12441943667748,
39.235341,-76.555953,2018,10,1.7593502895778368,
39.235341,-76.555953,2018,11,56.390359556392234,
39.235341,-76.555953,2018,12,88.58327321407899,
39.235341,-76.555953,2019,4,0.9710979574731952,
39.235341,-76.555953,2019,5,19.179620662720637,
39.235341,-76.555953,2019,6,-1.2801238776818475,
39.235341,-76.555953,2019,7,-2.9217827192534056,
39.235341,-76.555953,2019,8,13.019984848580897,
39.235341,-76.555953,2019,9,0.1643091991367521,
39.235341,-76.555953,2019,10,-0.11802254969802714,
39.235341,-76.555953,2019,11,0.9750726244050013,
39.235341,-76.555953,2019,12,6.194044716347204,
39.235341,-76.555953,2020,4,22.581207830149914,
39.235341,-76.555953,2020,5,12.242163548933641,
39.235341,-76.555953,2020,6,0.39593613279739587,10.0
39.235341,-76.555953,2020,7,13.575366951938966,
39.235341,-76.555953,2020,8,12.771565506067263,
39.235341,-76.555953,2020,9,54.153193143686586,
39.246741,-76.491001,2013,5,-4.048625045729719e-06,
39.246741,-76.491001,2013,6,-2.470541413774588e-05,
39.246741,-76.491001,2013,7,-0.005596923743863046,
39.246741,-76.491001,2013,8,-0.236139241884067,
39.246741,-76.491001,2013,9,-0.21092969119535498,
39.246741,-76.491001,2013,10,9.293094283448385,
39.246741,-76.491001,2013,11,97.45885790609462,
39.246741,-76.491001,2013,12,363.4947520032149,
39.246741,-76.491001,2014,4,623.8622680112672,
39.246741,-76.491001,2014,5,126.04853049741888,
39.246741,-76.491001,2014,6,88.25497036737511,
39.246741,-76.491001,2014,7,47.47237826185592,
39.246741,-76.491001,2014,8,-5.733210009241076,
39.246741,-76.491001,2014,9,-2.8512961342748935,
39.246741,-76.491001,2014,10,77.20580699616035,
39.246741,-76.491001,2014,11,-19.256233449132292,
39.246741,-76.491001,2014,12,42.88336640380833,
39.246741,-76.491001,2015,4,-7.916810156911616,
39.246741,-76.491001,2015,5,39.14523927718421,
39.246741,-76.491001,2015,6,301.95128494776367,
39.246741,-76.491001,2015,7,123.98321894653388,
39.246741,-76.491001,2015,8,-518.3821221361181,
39.246741,-76.491001,2015,9,205.59285176617905,
39.246741,-76.491001,2015,10,8.633700299277761,
39.246741,-76.491001,2015,11,2.6382904373555696,
39.246741,-76.491001,2015,12,1.388429265789249,
39.246741,-76.491001,2016,4,29.788570111245704,
39.246741,-76.491001,2016,5,10.774110629977406,
39.246741,-76.491001,2016,6,3.7900866565819826,
39.246741,-76.491001,2016,7,3.532752757641519,
39.246741,-76.491001,2016,8,-1.5639546465593994,
39.246741,-76.491001,2016,9,-0.9951863696029659,
39.246741,-76.491001,2016,10,7.919017918420942,
39.246741,-76.491001,2016,11,-0.807011809341572,
39.246741,-76.491001,2016,12,22.64907701394925,
39.246741,-76.491001,2017,4,13.699963268692933,
39.246741,-76.491001,2017,5,31.40681255909971,
39.246741,-76.491001,2017,6,262.3252976274018,
39.246741,-76.491001,2017,7,99.43038308990752,
39.246741,-76.491001,2017,8,6.939492340830964,
39.246741,-76.491001,2017,9,1.5014300529195794,
39.246741,-76.491001,2017,10,0.03783045309173391,
39.246741,-76.491001,2017,11,-0.15281450344267386,
39.246741,-76.491001,2017,12,1.721691807211484,
39.246741,-76.491001,2018,4,8.54582451599736,
39.246741,-76.491001,2018,5,1.7384858775450311,
39.246741,-76.491001,2018,6,0.32598357476874557,
39.246741,-76.491001,2018,7,0.3772551827695128,
39.246741,-76.491001,2018,8,0.9869579042646449,
39.246741,-76.491001,2018,9,8.60267145788117,
39.246741,-76.491001,2018,10,3.142725318193714,
39.246741,-76.491001,2018,11,-0.8649125407175423,
39.246741,-76.491001,2018,12,-0.4713034773345165,
39.246741,-76.491001,2019,4,2.82878672104869,
39.246741,-76.491001,2019,5,9.18320933833028,
39.246741,-76.491001,2019,6,-0.12442018503883447,
39.246741,-76.491001,2019,7,0.08769658840103876,
39.246741,-76.491001,2019,8,-2.1368253846002716,
39.246741,-76.491001,2019,9,10.953296153480434,
39.246741,-76.491001,2019,10,56.72963754237733,
39.246741,-76.491001,2019,11,-106.54906202089465,
39.246741,-76.491001,2019,12,-222.8958673382903,
39.246741,-76.491001,2020,4,-40.28181986384679,
39.246741,-76.491001,2020,5,-1.0030975393898611,
39.246741,-76.491001,2020,6,8.013605883119137,
39.246741,-76.491001,2020,7,2.2065370281603025,
39.248491,-76.610539,2009,5,100.83308618375558,
39.248491,-76.610539,2009,6,-3.4285055239468814,
39.248491,-76.610539,2009,7,214.1994513855527,
39.248491,-76.610539,2009,8,60.9217955758228,
39.248491,-76.610539,2009,9,355.9498519881539,
39.248491,-76.610539,2009,10,2986.2532984995405,
39.248491,-76.610539,2009,11,6110.723450155502,
39.248491,-76.610539,2009,12,8582.294416387527,
39.248491,-76.610539,2010,4,12872.340517911198,
39.248491,-76.610539,2010,5,12824.858628730317,
39.248491,-76.610539,2010,6,12432.684483902958,
39.248491,-76.610539,2010,7,11741.986252288916,
39.248491,-76.610539,2010,8,10791.326099545357,
39.248491,-76.610539,2010,9,9664.827702205248,
39.248491,-76.610539,2010,10,8401.053225925754,
39.248491,-76.610539,2010,11,7054.370965253501,
39.248491,-76.610539,2010,12,5677.327065627573,
39.248491,-76.610539,2011,4,943.0706359165554,
39.248491,-76.610539,2011,5,231.0895953104897,
39.248491,-76.610539,2011,6,412.6081171275565,
39.248491,-76.610539,2011,7,277.02703781400265,
39.248491,-76.610539,2011,8,1856.2666432468131,
39.248491,-76.610539,2011,9,975.478114211106,
39.248491,-76.610539,2011,10,44.04956117133636,
39.248491,-76.610539,2011,11,34.390590410863936,
39.248491,-76.610539,2011,12,128.4080874232101,
39.248491,-76.610539,2012,4,14.222499863199335,
39.248491,-76.610539,2012,5,206.31534591241177,
39.248491,-76.610539,2012,6,853.0183440092317,
39.248491,-76.610539,2012,7,158.54016259988754,
39.248491,-76.610539,2012,8,52.28970617266528,
39.248491,-76.610539,2012,9,3121.184341432061,
39.248491,-76.610539,2012,10,7253.06840461939,
39.248491,-76.610539,2012,11,1971.4886251314733,
39.248491,-76.610539,2012,12,6450.408258179118,
39.248491,-76.610539,2013,4,595.8558499688961,
39.248491,-76.610539,2013,5,66.8109783890523,
39.248491,-76.610539,2013,6,422.47762092693324,
39.248491,-76.610539,2013,7,677.3938480414924,
39.248491,-76.610539,2013,8,1572.3064148231203,
39.248491,-76.610539,2013,9,-88.9707928424345,
39.248491,-76.610539,2013,10,81.63695651076753,
39.248491,-76.610539,2013,11,39.71638587244298,
39.248491,-76.610539,2013,12,99.87839890934235,
39.248491,-76.610539,2014,4,25.17088547753844,
39.248491,-76.610539,2014,5,160.07905373471448,
39.248491,-76.610539,2014,6,137.1105734629384,
39.248491,-76.610539,2014,7,176.0872277665429,
39.248491,-76.610539,2014,8,3042.849112913174,
39.248491,-76.610539,2014,9,-74.75935728924267,
39.248491,-76.610539,2014,10,68.1884533734749,
39.248491,-76.610539,2014,11,149.45307389001746,
39.248491,-76.610539,2014,12,1637.2340558460994,
39.248491,-76.610539,2015,4,-409.15661010817735,
39.248491,-76.610539,2015,5,12941.219091762077,
39.248491,-76.610539,2015,6,16653.584883310563,
39.248491,-76.610539,2015,7,12158.766640852013,
39.248491,-76.610539,2015,8,-7668.330462997107,
39.248491,-76.610539,2015,9,14332.952998185336,
39.248491,-76.610539,2015,10,37382.3554810494,
39.248491,-76.610539,2015,11,20813.757743873055,
39.248491,-76.610539,2015,12,-3752.944149714068,
39.248491,-76.610539,2016,4,-59.662307297734515,
39.248491,-76.610539,2016,5,-804.3121434490923,
39.248491,-76.610539,2016,6,2378.3697616365976,
39.248491,-76.610539,2016,7,687.4985464535165,
39.248491,-76.610539,2016,8,788.916677054443,
39.248491,-76.610539,2016,9,38.06141248411292,
39.248491,-76.610539,2016,10,58.89411773700922,
39.248491,-76.610539,2016,11,5.0547611489193685,
39.248491,-76.610539,2016,12,138.93740671914776,
39.248491,-76.610539,2017,4,1017.1449309484726,
39.248491,-76.610539,2017,5,1094.1939884324984,
39.248491,-76.610539,2017,6,661.1238178934042,
39.248491,-76.610539,2017,7,2103.9148850179777,
39.248491,-76.610539,2017,8,8694.477070483152,
39.248491,-76.610539,2017,9,4514.215986721121,
39.248491,-76.610539,2017,10,-2180.3687103692323,
39.248491,-76.610539,2017,11,-5488.332701708442,
39.248491,-76.610539,2017,12,-5732.091559859181,
39.248491,-76.610539,2018,4,1380.984838546701,
39.248491,-76.610539,2018,5,345.5995468903439,
39.248491,-76.610539,2018,6,176.28398431114832,
39.248491,-76.610539,2018,7,2294.6540224527284,
39.248491,-76.610539,2018,8,6088.496546214502,
39.248491,-76.610539,2018,9,10682.783652528817,
39.248491,-76.610539,2018,10,15379.891235096151,
39.248491,-76.610539,2018,11,19434.236727417432,
39.248491,-76.610539,2018,12,22086.11092364751,
39.248491,-76.610539,2019,4,5104.990475684467,
39.254541,-76.573837,2013,5,0.23496391333632288,
39.254541,-76.573837,2013,6,-4.1321724686366545,
39.254541,-76.573837,2013,7,99.25428261650003,
39.254541,-76.573837,2013,8,1922.9989931717375,
39.254541,-76.573837,2013,9,-121.69622589168767,
39.254541,-76.573837,2013,10,4.591585217674642,
39.254541,-76.573837,2013,11,25.168764193978046,
39.254541,-76.573837,2013,12,771.693584387595,
39.254541,-76.573837,2014,4,-27.33892568569986,
39.254541,-76.573837,2014,5,-80.00870056340348,
39.254541,-76.573837,2014,6,-1162.9205389305976,
39.254541,-76.573837,2014,7,125.49271445622774,
39.254541,-76.573837,2014,8,3938.766122418972,
39.254541,-76.573837,2014,9,-135.49114657250124,
39.254541,-76.573837,2014,10,44.590631715467005,
39.254541,-76.573837,2014,11,19.94018807409509,
39.254541,-76.573837,2014,12,25.1491923714734,
39.254541,-76.573837,2015,4,-8.532557012680844,
39.254541,-76.573837,2015,5,-67.98450661173091,
39.254541,-76.573837,2015,6,4136.960183585617,
39.254541,-76.573837,2015,7,626.0003135203648,
39.254541,-76.573837,2015,8,256.8901609347118,
39.254541,-76.573837,2015,9,4758.867085286121,
39.254541,-76.573837,2015,10,5924.281801405184,
39.254541,-76.573837,2015,11,1214.3921255328742,
39.254541,-76.573837,2015,12,123.62185370546482,
39.254541,-76.573837,2016,4,6.80131670806658,
39.254541,-76.573837,2016,5,-34.96762295198673,
39.254541,-76.573837,2016,6,2151.1372610171793,
39.254541,-76.573837,2016,7,381.2917031015081,
39.254541,-76.573837,2016,8,204.62588754678927,
39.254541,-76.573837,2016,9,3.2789663672488056,
39.254541,-76.573837,2016,10,14.836760508866579,
39.254541,-76.573837,2016,11,32.190545575332585,
39.254541,-76.573837,2016,12,125.90374347742379,
39.254541,-76.573837,2017,4,25.48778487044983,
39.254541,-76.573837,2017,5,179.5117066086437,
39.254541,-76.573837,2017,6,216.18910385996068,
39.254541,-76.573837,2017,7,-3.6227797119531715,
39.254541,-76.573837,2017,8,0.2478015479234065,
39.254541,-76.573837,2017,9,-0.0033659873783890037,
39.254541,-76.573837,2017,10,-0.38832380548375994,
39.254541,-76.573837,2017,11,2.510946989352492,
39.254541,-76.573837,2017,12,43.53823843131835,
39.254541,-76.573837,2018,4,101.81624417505796,
39.254541,-76.573837,2018,5,10.442431465603885,
39.254541,-76.573837,2018,6,25.222468639446888,
39.254541,-76.573837,2018,7,-3.6818889893157296,
39.254541,-76.573837,2018,8,26.848474451279966,
39.254541,-76.573837,2018,9,53.25673468241907,
39.254541,-76.573837,2018,10,106.79421399400324,
39.254541,-76.573837,2018,11,420.4852924296485,
39.254541,-76.573837,2018,12,549.3551294604247,
39.254541,-76.573837,2019,4,4.378562539338959,
39.254541,-76.573837,2019,5,73.86036451741893,
39.254541,-76.573837,2019,6,6.674168027059223,
39.254541,-76.573837,2019,7,-18.745816076385513,
39.254541,-76.573837,2019,8,46.47995753243956,
39.254541,-76.573837,2019,9,-29.158915007761994,
39.254541,-76.573837,2019,10,7.24119951490768,
39.254541,-76.573837,2019,11,-0.5964916906381039,
39.254541,-76.573837,2019,12,6.524766777545685,
39.254541,-76.573837,2020,4,49.80498048916975,
39.254541,-76.573837,2020,5,17.389220340996037,
39.254541,-76.573837,2020,6,13.521510501820671,
39.254541,-76.573837,2020,7,207.58410162457065,
39.254541,-76.573837,2020,8,276.98623189579064,
39.254541,-76.573837,2020,9,-10.500463733881048,
39.254674,-76.594605,2013,5,34.16675753659625,
39.254674,-76.594605,2013,6,52.82526084220424,
39.254674,-76.594605,2013,7,142.13561833754764,
39.254674,-76.594605,2013,8,602.4900656353077,
39.254674,-76.594605,2013,9,-32.10049561632856,
39.254674,-76.594605,2013,10,43.94198028021791,
39.254674,-76.594605,2013,11,4.961492034404401,
39.254674,-76.594605,2013,12,-38.88190817727797,
39.254674,-76.594605,2014,4,9.851988382056328,
39.254674,-76.594605,2014,5,35.38584718477181,
39.254674,-76.594605,2014,6,48.394602600719196,
39.254674,-76.594605,2014,7,-37.009711731696285,
39.254674,-76.594605,2014,8,7726.836850712806,
39.254674,-76.594605,2014,9,-269.5789483481549,
39.254674,-76.594605,2014,10,40.70726466754816,
39.254674,-76.594605,2014,11,64.99695769010017,
39.254674,-76.594605,2014,12,678.0273145452355,
39.254674,-76.594605,2015,4,-279.7340694839438,
39.254674,-76.594605,2015,5,7717.305317160235,
39.254674,-76.594605,2015,6,23547.400390137023,
39.254674,-76.594605,2015,7,1895.6185240298298,
39.254674,-76.594605,2015,8,1034.5450173560516,
39.254674,-76.594605,2015,9,14510.178984567183,
39.254674,-76.594605,2015,10,661.260667476877,
39.254674,-76.594605,2015,11,-2561.4591386955603,
39.254674,-76.594605,2015,12,-330.59847263325645,
39.254674,-76.594605,2016,4,16.917921107539318,
39.254674,-76.594605,2016,5,60.65061519506435,
39.254674,-76.594605,2016,6,2128.801263769864,
39.254674,-76.594605,2016,7,380.6032420867817,
39.254674,-76.594605,2016,8,204.17322766648954,
39.254674,-76.594605,2016,9,-1.7124289531404062,
39.254674,-76.594605,2016,10,6.288502425344513,
39.254674,-76.594605,2016,11,15.296844852142215,
39.254674,-76.594605,2016,12,107.89087689422983,
39.254674,-76.594605,2017,4,452.62390541486576,
39.254674,-76.594605,2017,5,117.39227518633002,
39.254674,-76.594605,2017,6,-23.774463588610466,
39.254674,-76.594605,2017,7,1.8724869739549108,
39.254674,-76.594605,2017,8,11.821319579182457,
39.254674,-76.594605,2017,9,12.033445901030765,
39.254674,-76.594605,2017,10,0.10032415599063736,
39.254674,-76.594605,2017,11,0.4190342795981088,
39.254674,-76.594605,2017,12,7.0406484895619945,
39.254674,-76.594605,2018,4,27.119293381990225,
39.254674,-76.594605,2018,5,-13.469942703341516,
39.254674,-76.594605,2018,6,56.60800942251986,
39.254674,-76.594605,2018,7,215.75048129802036,
39.254674,-76.594605,2018,8,17.422773352772694,
39.254674,-76.594605,2018,9,59.82568569796377,
39.254674,-76.594605,2018,10,308.5718149751633,
39.254674,-76.594605,2018,11,1184.3418919745977,
39.254674,-76.594605,2018,12,1476.9193162595466,
39.254674,-76.594605,2019,4,-9.015066785133971,
39.254674,-76.594605,2019,5,89.98560100070596,
39.254674,-76.594605,2019,6,5.951479037566002,
39.254674,-76.594605,2019,7,28.804145349765207,
39.254674,-76.594605,2019,8,12.121184785522058,
39.254674,-76.594605,2019,9,3.889725688652055,
39.254674,-76.594605,2019,10,-1.1222567713339937,
39.254674,-76.594605,2019,11,3.2422712647966754,
39.254674,-76.594605,2019,12,12.716118247893398,
39.254674,-76.594605,2020,4,20.93959683834874,
39.254674,-76.594605,2020,5,11.7857702769155,
39.254674,-76.594605,2020,6,7.624054505513418,
39.254674,-76.594605,2020,7,15.051952709404915,
39.254674,-76.594605,2020,8,23.846791563759997,
39.254674,-76.594605,2020,9,2.235448558935163,
39.25579,-76.610105,2009,5,23.608822515520377,
39.25579,-76.610105,2009,6,4.558169865151743,
39.25579,-76.610105,2009,7,72.26851932534811,
39.25579,-76.610105,2009,8,2.5153630728561267,
39.25579,-76.610105,2009,9,-35.1577953642183,
39.25579,-76.610105,2009,10,3074.9953368361876,
39.25579,-76.610105,2009,11,10106.009285644792,
39.25579,-76.610105,2009,12,15709.589406758216,
39.25579,-76.610105,2010,4,25127.502642934123,
39.25579,-76.610105,2010,5,24926.718660150284,
39.25579,-76.610105,2010,6,23960.313326289997,
39.25579,-76.610105,2010,7,22347.228965630395,
39.25579,-76.610105,2010,8,20187.354935431187,
39.25579,-76.610105,2010,9,17683.995293052187,
39.25579,-76.610105,2010,10,14937.039395753114,
39.25579,-76.610105,2010,11,12081.313222834946,
39.25579,-76.610105,2010,12,9249.252198090553,
39.25579,-76.610105,2011,4,826.6804658089417,
39.25579,-76.610105,2011,5,110.51173850472345,
39.25579,-76.610105,2011,6,15.862607266656925,
39.25579,-76.610105,2011,7,21.95838028413986,
39.25579,-76.610105,2011,8,1604.0596750448617,
39.25579,-76.610105,2011,9,877.3986231593341,
39.25579,-76.610105,2011,10,20.14884901422071,
39.25579,-76.610105,2011,11,77.97022133544156,
39.25579,-76.610105,2011,12,268.5646295395547,
39.25579,-76.610105,2012,4,18.036194630036494,
39.25579,-76.610105,2012,5,147.32343308660631,
39.25579,-76.610105,2012,6,109.94183680598228,
39.25579,-76.610105,2012,7,17.904488150422917,
39.25579,-76.610105,2012,8,-11.306925591024234,
39.25579,-76.610105,2012,9,1773.042897472397,
39.25579,-76.610105,2012,10,2450.3502538480034,
39.25579,-76.610105,2012,11,132.5934025143993,
39.25579,-76.610105,2012,12,2.1057736665752183,
39.25579,-76.610105,2013,4,9.721894935768466,
39.25579,-76.610105,2013,5,42.593052394781274,
39.25579,-76.610105,2013,6,163.11567223200146,
39.25579,-76.610105,2013,7,152.67904124024082,
39.25579,-76.610105,2013,8,1104.7702700582154,
39.25579,-76.610105,2013,9,-63.40694411213841,
39.25579,-76.610105,2013,10,96.61420501212213,
39.25579,-76.610105,2013,11,8.724705548196017,
39.25579,-76.610105,2013,12,20.839155011663813,
39.25579,-76.610105,2014,4,47.96583025949082,
39.25579,-76.610105,2014,5,44.23701172470217,
39.25579,-76.610105,2014,6,125.54059684387384,
39.25579,-76.610105,2014,7,-167.3193092632213,
39.25579,-76.610105,2014,8,7731.826023057231,
39.25579,-76.610105,2014,9,-232.2414219062758,
39.25579,-76.610105,2014,10,881.742908883932,
39.25579,-76.610105,2014,11,195.7122907250747,
39.25579,-76.610105,2014,12,1275.3767142383351,
39.25579,-76.610105,2015,4,-209.31627005107367,
39.25579,-76.610105,2015,5,8698.288210216286,
39.25579,-76.610105,2015,6,21085.048397930754,
39.25579,-76.610105,2015,7,1195.195471210895,
39.25579,-76.610105,2015,8,1168.9228899024931,
39.25579,-76.610105,2015,9,14352.044623306476,
39.25579,-76.610105,2015,10,651.8789986567994,
39.25579,-76.610105,2015,11,-2562.239578954593,
39.25579,-76.610105,2015,12,-303.16702536572825,
39.25579,-76.610105,2016,4,94.47231455737929,
39.25579,-76.610105,2016,5,227.7766657201324,
39.25579,-76.610105,2016,6,2205.8607175122797,
39.25579,-76.610105,2016,7,383.5321571314931,
39.25579,-76.610105,2016,8,200.73512129515663,
39.25579,-76.610105,2016,9,15.597669021450757,
39.25579,-76.610105,2016,10,9.841891041534195,
39.25579,-76.610105,2016,11,29.952076450633843,
39.25579,-76.610105,2016,12,598.4736042244764,
39.25579,-76.610105,2017,4,2654.6667463714894,
39.25579,-76.610105,2017,5,841.5638947199548,
39.25579,-76.610105,2017,6,-94.07490634126619,
39.25579,-76.610105,2017,7,41.76708180028309,
39.25579,-76.610105,2017,8,17.00968737867598,
39.25579,-76.610105,2017,9,24.69733300242404,
39.25579,-76.610105,2017,10,2.2046263097987993,
39.25579,-76.610105,2017,11,0.144889332319853,
39.25579,-76.610105,2017,12,-9.196578887019147,
39.25579,-76.610105,2018,4,23.600717812726284,
39.25579,-76.610105,2018,5,1.8434428951345194,
39.25579,-76.610105,2018,6,37.46287123315425,
39.25579,-76.610105,2018,7,56.593246459763435,
39.25579,-76.610105,2018,8,28.59957056122295,
39.25579,-76.610105,2018,9,41.585460265856184,
39.25579,-76.610105,2018,10,377.24107738888347,
39.25579,-76.610105,2018,11,1423.3171947159128,
39.25579,-76.610105,2018,12,1805.8146502610737,
39.25579,-76.610105,2019,4,10.20492532453355,
39.25579,-76.610105,2019,5,137.22545338470636,
39.25579,-76.610105,2019,6,-12.10788417136724,61.0
39.25579,-76.610105,2019,7,-37.62864552782646,158.0
39.25579,-76.610105,2019,8,174.8369510397148,268.5
39.25579,-76.610105,2019,9,-90.57910673266214,
39.25579,-76.610105,2019,10,4.123405219243389,10.0
39.25579,-76.610105,2019,11,3.884158119013089,10.0
39.25579,-76.610105,2019,12,10.796161035251908,
39.25579,-76.610105,2020,4,0.32170194306367306,
39.25579,-76.610105,2020,5,7.924916453255656,0.0
39.25579,-76.610105,2020,6,35.940504648017125,15.5
39.25579,-76.610105,2020,7,186.1809109953191,877.5
39.25579,-76.610105,2020,8,232.63129868970694,2074.6666666666665
39.25579,-76.610105,2020,9,73.85949263530071,20.0
39.262607,-76.575771,2011,5,8.260178833712876,
39.262607,-76.575771,2011,6,14.738116985716344,
39.262607,-76.575771,2011,7,9.562018844248644,
39.262607,-76.575771,2011,8,429.91069546543446,
39.262607,-76.575771,2011,9,229.46280663642264,
39.262607,-76.575771,2011,10,-2.026708516885549,
39.262607,-76.575771,2011,11,2.438623678101258,
39.262607,-76.575771,2011,12,13.023204226454123,
39.262607,-76.575771,2012,4,10.378044672173978,
39.262607,-76.575771,2012,5,11.46628261713517,
39.262607,-76.575771,2012,6,52.11664161382735,
39.262607,-76.575771,2012,7,16.804391765583407,
39.262607,-76.575771,2012,8,9.624634960475639,
39.262607,-76.575771,2012,9,1467.6432724550757,
39.262607,-76.575771,2012,10,2064.6799781184995,
39.262607,-76.575771,2012,11,137.5648445503027,
39.262607,-76.575771,2012,12,-87.76532900684204,
39.262607,-76.575771,2013,4,-28.618110077103832,
39.262607,-76.575771,2013,5,5.333438579241234,
39.262607,-76.575771,2013,6,1.917932271386995,
39.262607,-76.575771,2013,7,100.22621228141051,
39.262607,-76.575771,2013,8,1347.557491599744,
39.262607,-76.575771,2013,9,-77.09835138153805,
39.262607,-76.575771,2013,10,22.313791672301765,
39.262607,-76.575771,2013,11,42.62189374457402,
39.262607,-76.575771,2013,12,1359.2022394649846,
39.262607,-76.575771,2014,4,-78.49306322446196,
39.262607,-76.575771,2014,5,-92.48770399109314,
39.262607,-76.575771,2014,6,-1862.2910731943766,
39.262607,-76.575771,2014,7,130.37052876226576,
39.262607,-76.575771,2014,8,3831.751435937733,
39.262607,-76.575771,2014,9,-131.18909687166655,
39.262607,-76.575771,2014,10,153.47615995282044,
39.262607,-76.575771,2014,11,25.19477613420101,
39.262607,-76.575771,2014,12,212.44708503295976,
39.262607,-76.575771,2015,4,-65.49006375942186,
39.262607,-76.575771,2015,5,-724.8570492057015,
39.262607,-76.575771,2015,6,9987.40975468409,
39.262607,-76.575771,2015,7,1350.3882258661056,
39.262607,-76.575771,2015,8,347.4073275919448,
39.262607,-76.575771,2015,9,4668.257314144941,
39.262607,-76.575771,2015,10,206.27893731747895,
39.262607,-76.575771,2015,11,-821.3159961645721,
39.262607,-76.575771,2015,12,-108.45462447174401,
39.262607,-76.575771,2016,4,-2.6945743362050916,
39.262607,-76.575771,2016,5,-34.82156713098872,
39.262607,-76.575771,2016,6,2151.427597771931,
39.262607,-76.575771,2016,7,381.64209894309147,
39.262607,-76.575771,2016,8,201.54867394973368,
39.262607,-76.575771,2016,9,0.536841708240539,
39.262607,-76.575771,2016,10,8.505840245622766,
39.262607,-76.575771,2016,11,-10.865628579632876,
39.262607,-76.575771,2016,12,-262.1879337982144,
39.262607,-76.575771,2017,4,-85.31390154486006,
39.262607,-76.575771,2017,5,306.1019542934559,
39.262607,-76.575771,2017,6,-50.149433770148875,
39.262607,-76.575771,2017,7,39.19318870785944,
39.262607,-76.575771,2017,8,25.467025523306308,
39.262607,-76.575771,2017,9,33.07041007626651,
39.262607,-76.575771,2017,10,0.29027114806257204,
39.262607,-76.575771,2017,11,0.4432578655637062,
39.262607,-76.575771,2017,12,7.552759721871947,
39.262607,-76.575771,2018,4,15.160603940367373,
39.262607,-76.575771,2018,5,4.186839807425975,
39.262607,-76.575771,2018,6,17.283483321441345,
39.262607,-76.575771,2018,7,-3.5601506320849543,
39.262607,-76.575771,2018,8,26.132815927144325,
39.262607,-76.575771,2018,9,54.99670150453007,
39.262607,-76.575771,2018,10,80.98543037960445,
39.262607,-76.575771,2018,11,326.56968161825444,
39.262607,-76.575771,2018,12,433.46721733364546,
39.262607,-76.575771,2019,4,4.042484842038534,
39.262607,-76.575771,2019,5,75.1017673703043,
39.262607,-76.575771,2019,6,-171.28941395734643,10.0
39.262607,-76.575771,2019,7,-344.1607057642795,10.0
39.262607,-76.575771,2019,8,538.5438007063232,698.0
39.262607,-76.575771,2019,9,-327.6786407479909,
39.262607,-76.575771,2019,10,66.82556110426707,52.0
39.262607,-76.575771,2019,11,-41.784929201348085,0.0
39.262607,-76.575771,2019,12,-265.6057209467466,
39.262607,-76.575771,2020,4,-631.5286247733795,
39.262607,-76.575771,2020,5,-105.43468972363047,0.0
39.262607,-76.575771,2020,6,383.33954008758826,1088.3333333333333
39.262607,-76.575771,2020,7,159.4866267709321,106.5
39.262607,-76.575771,2020,8,250.4347645010975,397.6666666666667
39.262607,-76.575771,2020,9,51.78694626266495,31.0
39.263507,-76.623106,2009,5,217.86154084562153,
39.263507,-76.623106,2009,6,-68.40134480643799,
39.263507,-76.623106,2009,7,130.64188822175916,
39.263507,-76.623106,2009,8,83.36542935878482,
39.263507,-76.623106,2009,9,2535.356076765115,
39.263507,-76.623106,2009,10,49783.81726535216,
39.263507,-76.623106,2009,11,111409.20890898108,
39.263507,-76.623106,2009,12,159583.39592520404,
39.263507,-76.623106,2010,4,237819.9387368796,
39.263507,-76.623106,2010,5,234872.93208972283,
39.263507,-76.623106,2010,6,225157.99096468478,
39.263507,-76.623106,2010,7,209741.7757528486,
39.263507,-76.623106,2010,8,189483.6804431106,
39.263507,-76.623106,2010,9,166213.68604858327,
39.263507,-76.623106,2010,10,140791.18655816303,
39.263507,-76.623106,2010,11,114403.28485501141,
39.263507,-76.623106,2010,12,88215.86619124096,
39.263507,-76.623106,2011,4,8990.973162275108,
39.263507,-76.623106,2011,5,1438.1755838337922,
39.263507,-76.623106,2011,6,931.7294866966807,
39.263507,-76.623106,2011,7,377.89372283179927,
39.263507,-76.623106,2011,8,1877.3753233371503,
39.263507,-76.623106,2011,9,897.9049534791794,
39.263507,-76.623106,2011,10,-30.41931303151224,
39.263507,-76.623106,2011,11,321.11594310129595,
39.263507,-76.623106,2011,12,1515.7161639477972,
39.263507,-76.623106,2012,4,111.775762483657,
39.263507,-76.623106,2012,5,1156.4682577517058,
39.263507,-76.623106,2012,6,1188.0294259583106,
39.263507,-76.623106,2012,7,114.67666046660945,
39.263507,-76.623106,2012,8,5.368128821694082,
39.263507,-76.623106,2012,9,2078.4558683848904,
39.263507,-76.623106,2012,10,3521.241921585722,
39.263507,-76.623106,2012,11,190.6366671053232,
39.263507,-76.623106,2012,12,-97.74782835504992,
39.263507,-76.623106,2013,4,-36.40239059562439,
39.263507,-76.623106,2013,5,46.67120940096497,
39.263507,-76.623106,2013,6,131.61866286299232,
39.263507,-76.623106,2013,7,118.14032773741545,
39.263507,-76.623106,2013,8,359.103783126576,
39.263507,-76.623106,2013,9,-18.120356066690423,
39.263507,-76.623106,2013,10,155.16807446377922,
39.263507,-76.623106,2013,11,43.20224077956755,
39.263507,-76.623106,2013,12,99.32102333376845,
39.263507,-76.623106,2014,4,40.33461269751533,
39.263507,-76.623106,2014,5,169.34731662420458,
39.263507,-76.623106,2014,6,426.01090181313737,
39.263507,-76.623106,2014,7,-191.65634599046786,
39.263507,-76.623106,2014,8,7729.692472464987,
39.263507,-76.623106,2014,9,-165.73828462145963,
39.263507,-76.623106,2014,10,2664.2789156149556,
39.263507,-76.623106,2014,11,284.78937245758505,
39.263507,-76.623106,2014,12,1759.7613065522253,
39.263507,-76.623106,2015,4,714.6157677261691,
39.263507,-76.623106,2015,5,-1091.9969438388312,
39.263507,-76.623106,2015,6,4603.006125666873,
39.263507,-76.623106,2015,7,757.408124527671,
39.263507,-76.623106,2015,8,2590.1607459340685,
39.263507,-76.623106,2015,9,35618.52923258801,
39.263507,-76.623106,2015,10,1615.2525798393806,
39.263507,-76.623106,2015,11,-6312.360250867455,
39.263507,-76.623106,2015,12,-820.1230463839352,
39.263507,-76.623106,2016,4,57.17588273391936,
39.263507,-76.623106,2016,5,192.24765613268377,
39.263507,-76.623106,2016,6,2031.1903525673374,
39.263507,-76.623106,2016,7,665.7069785922832,
39.263507,-76.623106,2016,8,493.7746192024401,
39.263507,-76.623106,2016,9,30.60309207887115,
39.263507,-76.623106,2016,10,17.487786209616036,
39.263507,-76.623106,2016,11,1.8696582748389259,
39.263507,-76.623106,2016,12,-45.028876162217195,
39.263507,-76.623106,2017,4,639.1430039969904,
39.263507,-76.623106,2017,5,1011.8704651700531,
39.263507,-76.623106,2017,6,414.73389852684716,
39.263507,-76.623106,2017,7,69.75070415444571,
39.263507,-76.623106,2017,8,-5.873721644269914,
39.263507,-76.623106,2017,9,9.114029967479462,
39.263507,-76.623106,2017,10,15.81343116662151,
39.263507,-76.623106,2017,11,-3.325977341391041,
39.263507,-76.623106,2017,12,-127.63365923094868,
39.263507,-76.623106,2018,4,11.27845415040097,
39.263507,-76.623106,2018,5,-17.391003016998965,
39.263507,-76.623106,2018,6,37.809599415583335,
39.263507,-76.623106,2018,7,204.5989186819299,
39.263507,-76.623106,2018,8,24.339304973645145,
39.263507,-76.623106,2018,9,80.73974682632887,
39.263507,-76.623106,2018,10,351.8959807804356,
39.263507,-76.623106,2018,11,1305.1251402605515,
39.263507,-76.623106,2018,12,1654.1933012843056,
39.263507,-76.623106,2019,4,8.786807192808658,
39.263507,-76.623106,2019,5,115.19187911906907,
39.263507,-76.623106,2019,6,6.274574761828875,51.0
39.263507,-76.623106,2019,7,32.44128813446853,120.0
39.263507,-76.623106,2019,8,170.68354384409017,289.5
39.263507,-76.623106,2019,9,-80.97762269508961,
39.263507,-76.623106,2019,10,51.3414327117329,132.0
39.263507,-76.623106,2019,11,-30.716162237827135,20.0
39.263507,-76.623106,2019,12,-107.10923397431729,
39.263507,-76.623106,2020,4,-72.89498873944841,
39.263507,-76.623106,2020,5,-3.305902963446022,20.0
39.263507,-76.623106,2020,6,100.91348213924705,10.0
39.263507,-76.623106,2020,7,316.913785846471,3876.5
39.263507,-76.623106,2020,8,361.30763630829847,2245.3333333333335
39.263507,-76.623106,2020,9,128.10560477651188,86.0
39.276491,-76.584021,2013,5,240.34041789153093,
39.276491,-76.584021,2013,6,134.86144726209523,
39.276491,-76.584021,2013,7,164.8402440031061,
39.276491,-76.584021,2013,8,232.52544508660182,
39.276491,-76.584021,2013,9,-6.80328657886437,
39.276491,-76.584021,2013,10,10.46434453294171,
39.276491,-76.584021,2013,11,27.25661011708794,
39.276491,-76.584021,2013,12,621.2230003655753,
39.276491,-76.584021,2014,4,-19.11422969898759,
39.276491,-76.584021,2014,5,573.8379361482719,
39.276491,-76.584021,2014,6,778.3095404222637,
39.276491,-76.584021,2014,7,-223.32505595776152,
39.276491,-76.584021,2014,8,7729.3500154026915,
39.276491,-76.584021,2014,9,-246.74988706261175,
39.276491,-76.584021,2014,10,797.6726977487415,
39.276491,-76.584021,2014,11,82.6434853265441,
39.276491,-76.584021,2014,12,536.9461571390704,
39.276491,-76.584021,2015,4,14.037709108098163,
39.276491,-76.584021,2015,5,-1177.485563736013,
39.276491,-76.584021,2015,6,14929.521123250266,
39.276491,-76.584021,2015,7,1466.8122377902064,
39.276491,-76.584021,2015,8,1058.8225084048338,
39.276491,-76.584021,2015,9,13720.967387420917,
39.276491,-76.584021,2015,10,1486.2471882787515,
39.276491,-76.584021,2015,11,-199.82585852867126,
39.276491,-76.584021,2015,12,136.931796494445,
39.276491,-76.584021,2016,4,68.74970756421185,
39.276491,-76.584021,2016,5,222.11955714276323,
39.276491,-76.584021,2016,6,1092.1347125407046,
39.276491,-76.584021,2016,7,344.83539695295474,
39.276491,-76.584021,2016,8,265.35527016190053,
39.276491,-76.584021,2016,9,35.25015956125761,
39.276491,-76.584021,2016,10,13.358023996195739,
39.276491,-76.584021,2016,11,54.148483218334576,
39.276491,-76.584021,2016,12,-4.699391293675525,
39.276491,-76.584021,2017,4,-31.552759268683648,
39.276491,-76.584021,2017,5,488.6238755343188,
39.276491,-76.584021,2017,6,257.1111995397911,
39.276491,-76.584021,2017,7,38.86527509628287,
39.276491,-76.584021,2017,8,31.1247414096946,
39.276491,-76.584021,2017,9,38.08272771057666,
39.276491,-76.584021,2017,10,5.37425128578356,
39.276491,-76.584021,2017,11,0.44488124630557824,
39.276491,-76.584021,2017,12,4.980298294724182,
39.276491,-76.584021,2018,4,-0.3470203093878971,
39.276491,-76.584021,2018,5,2.3137555110570456,
39.276491,-76.584021,2018,6,9.026496948198774,
39.276491,-76.584021,2018,7,-3.4876897835070126,
39.276491,-76.584021,2018,8,25.66662744211943,
39.276491,-76.584021,2018,9,56.49149897817586,
39.276491,-76.584021,2018,10,61.554975772544516,
39.276491,-76.584021,2018,11,256.2952580956172,
39.276491,-76.584021,2018,12,347.62663113722664,
39.276491,-76.584021,2019,4,9.210138957275637,
39.276491,-76.584021,2019,5,48.98725845808185,
39.276491,-76.584021,2019,6,-220.77639070815286,
39.276491,-76.584021,2019,7,-451.03015047356837,
39.276491,-76.584021,2019,8,713.8525974056863,
39.276491,-76.584021,2019,9,-379.40054136978046,
39.276491,-76.584021,2019,10,14.592878516010352,
39.276491,-76.584021,2019,11,-6.5649360227770615,
39.276491,-76.584021,2019,12,-83.31022102664606,
39.276491,-76.584021,2020,4,-335.6304409776686,
39.276491,-76.584021,2020,5,-53.58237912187754,
39.276491,-76.584021,2020,6,229.00383765695463,1246.0
39.276491,-76.584021,2020,7,103.80084053615506,
39.276491,-76.584021,2020,8,144.77974618003978,
39.276491,-76.584021,2020,9,38.161171952488424,
39.276674,-76.573921,2011,5,177.15964799579908,
39.276674,-76.573921,2011,6,494.6093279296573,
39.276674,-76.573921,2011,7,1123.563625954192,
39.276674,-76.573921,2011,8,5877.169617599955,
39.276674,-76.573921,2011,9,-110.9773025196222,
39.276674,-76.573921,2011,10,15.637552685872592,
39.276674,-76.573921,2011,11,69.91719537125212,
39.276674,-76.573921,2011,12,-369.57025915626735,
39.276674,-76.573921,2012,4,8.469180332929053,
39.276674,-76.573921,2012,5,112.91969287261642,
39.276674,-76.573921,2012,6,-1.3583787926504844,
39.276674,-76.573921,2012,7,-120.08365875955012,
39.276674,-76.573921,2012,8,2139.423913543513,
39.276674,-76.573921,2012,9,1525.2557321339416,
39.276674,-76.573921,2012,10,6237.642396408185,
39.276674,-76.573921,2012,11,-1701.5598682633713,
39.276674,-76.573921,2012,12,-29916.628023033536,
39.276674,-76.573921,2013,4,-2996.2377118268055,
39.276674,-76.573921,2013,5,137.27227261614274,
39.276674,-76.573921,2013,6,161.84100069571474,
39.276674,-76.573921,2013,7,342.27502474342975,
39.276674,-76.573921,2013,8,513.7779955226466,
39.276674,-76.573921,2013,9,1.6593251375076712,
39.276674,-76.573921,2013,10,19.22246116646907,
39.276674,-76.573921,2013,11,6.664832108777597,
39.276674,-76.573921,2013,12,25.175778184466182,
39.276674,-76.573921,2014,4,22.890247136248853,
39.276674,-76.573921,2014,5,91.4403309273534,
39.276674,-76.573921,2014,6,253.19186084511952,
39.276674,-76.573921,2014,7,5.819579707510341,
39.276674,-76.573921,2014,8,1828.2395119951245,
39.276674,-76.573921,2014,9,23.043827452054543,
39.276674,-76.573921,2014,10,1871.782222847848,
39.276674,-76.573921,2014,11,5500.018224152397,
39.276674,-76.573921,2014,12,12959.62239398843,
39.276674,-76.573921,2015,4,1375.4602819107076,
39.276674,-76.573921,2015,5,266.6482827575927,
39.276674,-76.573921,2015,6,1160.783122780122,
39.276674,-76.573921,2015,7,986.3777985695806,
39.276674,-76.573921,2015,8,505.22161108209065,
39.276674,-76.573921,2015,9,5891.559330406991,
39.276674,-76.573921,2015,10,853.7979116945952,
39.276674,-76.573921,2015,11,434.7798896465131,
39.276674,-76.573921,2015,12,159.01757169421163,
39.276674,-76.573921,2016,4,82.54910421567077,
39.276674,-76.573921,2016,5,210.4706861428007,
39.276674,-76.573921,2016,6,1612.0541848648465,
39.276674,-76.573921,2016,7,383.1528963800882,
39.276674,-76.573921,2016,8,270.68259174377954,
39.276674,-76.573921,2016,9,0.016273416039099448,
39.276674,-76.573921,2016,10,12.487105878103092,
39.276674,-76.573921,2016,11,18.674070150789184,
39.276674,-76.573921,2016,12,336.72577828818095,
39.276674,-76.573921,2017,4,122.41436102725852,
39.276674,-76.573921,2017,5,1632.6044276734701,
39.276674,-76.573921,2017,6,1734.5686745767318,
39.276674,-76.573921,2017,7,47.08461871351356,
39.276674,-76.573921,2017,8,-12.818106146722345,
39.276674,-76.573921,2017,9,-0.4003606314893397,
39.276674,-76.573921,2017,10,0.05660774243033457,
39.276674,-76.573921,2017,11,0.7456423204430895,
39.276674,-76.573921,2017,12,12.154307891084375,
39.276674,-76.573921,2018,4,23.879995760962082,
39.276674,-76.573921,2018,5,3.908518575046258,
39.276674,-76.573921,2018,6,16.953307853853733,
39.276674,-76.573921,2018,7,-2.1685489936060818,
39.276674,-76.573921,2018,8,15.745662305849853,
39.276674,-76.573921,2018,9,28.51262916747752,
39.276674,-76.573921,2018,10,57.35551666501902,
39.276674,-76.573921,2018,11,237.48676387310994,
39.276674,-76.573921,2018,12,291.0318034763099,
39.276674,-76.573921,2019,4,8.090710209664534,
39.276674,-76.573921,2019,5,79.5303963412309,
39.276674,-76.573921,2019,6,-111.84388484710112,0.0
39.276674,-76.573921,2019,7,-215.2453213524113,20.0
39.276674,-76.573921,2019,8,350.50697799746604,580.0
39.276674,-76.573921,2019,9,-213.3196525562351,
39.276674,-76.573921,2019,10,93.587121279425,121.0
39.276674,-76.573921,2019,11,-1.892828360009978,41.0
39.276674,-76.573921,2019,12,-73.80544101875181,
39.276674,-76.573921,2020,4,-9.574080198120024,
39.276674,-76.573921,2020,5,8.159657603373445,0.0
39.276674,-76.573921,2020,6,19.08508828563591,45.0
39.276674,-76.573921,2020,7,255.81637583136822,270.0
39.276674,-76.573921,2020,8,1893.3662419809327,3941.6666666666665
39.276674,-76.573921,2020,9,679.957743955216,52.0
39.276857,-76.596738,2009,5,2618.9347412501993,
39.276857,-76.596738,2009,6,345.25852603440745,
39.276857,-76.596738,2009,7,95.61041039795657,
39.276857,-76.596738,2009,8,7575.25419455137,
39.276857,-76.596738,2009,9,1668.0242259922786,
39.276857,-76.596738,2009,10,-12.07428962258229,
39.276857,-76.596738,2009,11,3265.3203788383057,
39.276857,-76.596738,2009,12,8235.22864606914,
39.276857,-76.596738,2010,4,16015.967678140554,
39.276857,-76.596738,2010,5,18087.51924582671,
39.276857,-76.596738,2010,6,20053.775003169158,
39.276857,-76.596738,2010,7,21775.176683835933,
39.276857,-76.596738,2010,8,23170.621488422843,
39.276857,-76.596738,2010,9,24092.327452232646,
39.276857,-76.596738,2010,10,24459.19177586117,
39.276857,-76.596738,2010,11,24175.59476984561,
39.276857,-76.596738,2010,12,23131.6208913244,
39.276857,-76.596738,2011,4,9460.76226530854,
39.276857,-76.596738,2011,5,3382.599919866329,
39.276857,-76.596738,2011,6,-306.99181497709117,
39.276857,-76.596738,2011,7,694.9672232627009,
39.276857,-76.596738,2011,8,3058.9257090254364,
39.276857,-76.596738,2011,9,-25.41194518951459,
39.276857,-76.596738,2011,10,-0.8427563383141566,
39.276857,-76.596738,2011,11,136.80420502837268,
39.276857,-76.596738,2011,12,1177.2857484394926,
39.276857,-76.596738,2012,4,5.273696165056122,
39.276857,-76.596738,2012,5,128.6903117184246,
39.276857,-76.596738,2012,6,-27.639794055068226,
39.276857,-76.596738,2012,7,-2136.180633513846,
39.276857,-76.596738,2012,8,12448.629858332459,
39.276857,-76.596738,2012,9,-504.4848875323844,
39.276857,-76.596738,2012,10,7832.615153546784,
39.276857,-76.596738,2012,11,-2003.8885589896881,
39.276857,-76.596738,2012,12,-37053.001363016934,
39.276857,-76.596738,2013,4,-3233.4150861957105,
39.276857,-76.596738,2013,5,170.4966231229669,
39.276857,-76.596738,2013,6,305.9626137192138,
39.276857,-76.596738,2013,7,105.87221818627042,
39.276857,-76.596738,2013,8,334.42853769771085,
39.276857,-76.596738,2013,9,52.05307397531184,
39.276857,-76.596738,2013,10,74.42503506462108,
39.276857,-76.596738,2013,11,130.8211000814436,
39.276857,-76.596738,2013,12,1342.2553921737804,
39.276857,-76.596738,2014,4,-97.1297633073091,
39.276857,-76.596738,2014,5,1194.820311807082,
39.276857,-76.596738,2014,6,1307.6272290281279,
39.276857,-76.596738,2014,7,-87.27289561333251,
39.276857,-76.596738,2014,8,7037.92518439536,
39.276857,-76.596738,2014,9,-204.2958298053427,
39.276857,-76.596738,2014,10,1003.7664941560677,
39.276857,-76.596738,2014,11,341.12836187620394,
39.276857,-76.596738,2014,12,1012.5071183309045,
39.276857,-76.596738,2015,4,83.44894987780866,
39.276857,-76.596738,2015,5,-1033.0686106538735,
39.276857,-76.596738,2015,6,15122.119725268622,
39.276857,-76.596738,2015,7,1614.8281995309744,
39.276857,-76.596738,2015,8,1294.2042259164743,
39.276857,-76.596738,2015,9,9182.362751453338,
39.276857,-76.596738,2015,10,1068.4562636197434,
39.276857,-76.596738,2015,11,-109.00519522584047,
39.276857,-76.596738,2015,12,159.01818861244433,
39.276857,-76.596738,2016,4,67.76374287766673,
39.276857,-76.596738,2016,5,328.5304464308024,
39.276857,-76.596738,2016,6,1255.5865519905408,
39.276857,-76.596738,2016,7,377.13518088712,
39.276857,-76.596738,2016,8,334.96124436268656,
39.276857,-76.596738,2016,9,4.5341872981414095,
39.276857,-76.596738,2016,10,25.532297895837377,
39.276857,-76.596738,2016,11,-688.9937168637509,
39.276857,-76.596738,2016,12,-13636.552050582854,
39.276857,-76.596738,2017,4,-4994.3398498818215,
39.276857,-76.596738,2017,5,16620.67659099352,
39.276857,-76.596738,2017,6,-4551.951009284462,
39.276857,-76.596738,2017,7,113.28047062670981,
39.276857,-76.596738,2017,8,13.441018351130293,
39.276857,-76.596738,2017,9,20.67914713670838,
39.276857,-76.596738,2017,10,0.18181950197902533,
39.276857,-76.596738,2017,11,0.011921293257559008,
39.276857,-76.596738,2017,12,0.41021369138119596,
39.276857,-76.596738,2018,4,-0.5760625578623595,
39.276857,-76.596738,2018,5,4.057013332099326,
39.276857,-76.596738,2018,6,19.353125431037963,
39.276857,-76.596738,2018,7,2.7157006947752493,
39.276857,-76.596738,2018,8,38.182762116174366,
39.276857,-76.596738,2018,9,95.81993127079363,
39.276857,-76.596738,2018,10,123.67606270146317,
39.276857,-76.596738,2018,11,394.19446780721034,
39.276857,-76.596738,2018,12,455.4442245256092,
39.276857,-76.596738,2019,4,19.539369077493596,
39.276857,-76.596738,2019,5,164.37861347797732,
39.276857,-76.596738,2019,6,-85.56468797445919,74.0
39.276857,-76.596738,2019,7,-210.78644180927273,51.0
39.276857,-76.596738,2019,8,403.7371200393319,1022.5
39.276857,-76.596738,2019,9,-112.31360560547792,
39.276857,-76.596738,2019,10,200.2139131863475,450.0
39.276857,-76.596738,2019,11,-113.46527641050024,52.0
39.276857,-76.596738,2019,12,-407.15058993339824,
39.276857,-76.596738,2020,4,-344.5749129700576,
39.276857,-76.596738,2020,5,-48.04754269843524,10.0
39.276857,-76.596738,2020,6,209.75505360829357,447.3333333333333
39.276857,-76.596738,2020,7,277.54955456853764,1363.5
39.276857,-76.596738,2020,8,429.7529905252463,2975.6666666666665
39.276857,-76.596738,2020,9,136.60004388789653,0.0
39.283701,-76.603718,2009,5,1620.6665555103564,
39.283701,-76.603718,2009,6,-3212.1696006742686,
39.283701,-76.603718,2009,7,3434.773036578522,
39.283701,-76.603718,2009,8,516499.36299301306,
39.283701,-76.603718,2009,9,219699.48111328032,
39.283701,-76.603718,2009,10,18907.690645331473,
39.283701,-76.603718,2009,11,14558.690012326728,
39.283701,-76.603718,2009,12,-8061.935547561253,
39.283701,-76.603718,2010,4,-150848.26229392603,
39.283701,-76.603718,2010,5,-153761.2880924363,
39.283701,-76.603718,2010,6,-147317.9335964316,
39.283701,-76.603718,2010,7,-133161.71111563308,
39.283701,-76.603718,2010,8,-112898.27473034117,
39.283701,-76.603718,2010,9,-89098.05612862042,
39.283701,-76.603718,2010,10,-63366.70939077127,
39.283701,-76.603718,2010,11,-37621.16300669147,
39.283701,-76.603718,2010,12,-13778.03338614188,
39.283701,-76.603718,2011,4,24790.132284494608,
39.283701,-76.603718,2011,5,11490.514216209453,
39.283701,-76.603718,2011,6,-351.2687148619624,
39.283701,-76.603718,2011,7,4846.110559254243,
39.283701,-76.603718,2011,8,15882.710251219238,
39.283701,-76.603718,2011,9,261.88987015915234,
39.283701,-76.603718,2011,10,1009.279283565309,
39.283701,-76.603718,2011,11,1006.9094778744299,
39.283701,-76.603718,2011,12,-550.9042182498058,
39.283701,-76.603718,2012,4,152.17012868025301,
39.283701,-76.603718,2012,5,1148.1444126162191,
39.283701,-76.603718,2012,6,11.054386884311425,
39.283701,-76.603718,2012,7,-1902.3174606126454,
39.283701,-76.603718,2012,8,12776.975606016711,
39.283701,-76.603718,2012,9,360.7703320052398,
39.283701,-76.603718,2012,10,3283.2902392296273,
39.283701,-76.603718,2012,11,-375.2213242010685,
39.283701,-76.603718,2012,12,-14275.539716982554,
39.283701,-76.603718,2013,4,-803.0845320321762,
39.283701,-76.603718,2013,5,668.6771561252838,
39.283701,-76.603718,2013,6,794.8182924186988,
39.283701,-76.603718,2013,7,664.6850452794984,
39.283701,-76.603718,2013,8,373.8655968139539,
39.283701,-76.603718,2013,9,308.5838461244878,
39.283701,-76.603718,2013,10,381.4817416546283,
39.283701,-76.603718,2013,11,412.6692987575527,
39.283701,-76.603718,2013,12,2926.4777055259538,
39.283701,-76.603718,2014,4,-133.1848547459116,
39.283701,-76.603718,2014,5,1602.3993660287563,
39.283701,-76.603718,2014,6,-27.545455421011898,
39.283701,-76.603718,2014,7,1132.0395232734818,
39.283701,-76.603718,2014,8,12852.18171206594,
39.283701,-76.603718,2014,9,-113.04753108674227,
39.283701,-76.603718,2014,10,3731.9306635150906,
39.283701,-76.603718,2014,11,918.703988144069,
39.283701,-76.603718,2014,12,6041.186259993109,
39.283701,-76.603718,2015,4,4426.374581699673,
39.283701,-76.603718,2015,5,326.0943915603738,
39.283701,-76.603718,2015,6,17120.017873405657,
39.283701,-76.603718,2015,7,3451.4528670696423,
39.283701,-76.603718,2015,8,4870.86338840286,
39.283701,-76.603718,2015,9,41246.454006404194,
39.283701,-76.603718,2015,10,5068.978029298245,
39.283701,-76.603718,2015,11,216.7595819582949,
39.283701,-76.603718,2015,12,770.6777867152158,
39.283701,-76.603718,2016,4,385.6035045625161,
39.283701,-76.603718,2016,5,536.0875126947187,
39.283701,-76.603718,2016,6,1500.3963169656906,
39.283701,-76.603718,2016,7,3089.2210340503557,
39.283701,-76.603718,2016,8,110.37253505073676,
39.283701,-76.603718,2016,9,344.08354366919156,
39.283701,-76.603718,2016,10,57.75354482563343,
39.283701,-76.603718,2016,11,-46.317792130464255,
39.283701,-76.603718,2016,12,-1495.0579965558975,
39.283701,-76.603718,2017,4,-511.91401739871037,
39.283701,-76.603718,2017,5,1611.7657736512408,
39.283701,-76.603718,2017,6,-382.6702494611307,
39.283701,-76.603718,2017,7,958.0884584733683,
39.283701,-76.603718,2017,8,-129.14500612564538,
39.283701,-76.603718,2017,9,132.06441616682113,
39.283701,-76.603718,2017,10,21.123259768897775,
39.283701,-76.603718,2017,11,-2.823906282704486,
39.283701,-76.603718,2017,12,-148.1533237554169,
39.283701,-76.603718,2018,4,31.994414619944248,
39.283701,-76.603718,2018,5,27.697806089205375,
39.283701,-76.603718,2018,6,70.79507011551773,
39.283701,-76.603718,2018,7,-6.944470909110451,
39.283701,-76.603718,2018,8,51.19034394050622,
39.283701,-76.603718,2018,9,104.07100142395089,
39.283701,-76.603718,2018,10,230.48550122050912,
39.283701,-76.603718,2018,11,882.237326233542,
39.283701,-76.603718,2018,12,1192.8549773599132,
39.283701,-76.603718,2019,4,76.67769193207143,
39.283701,-76.603718,2019,5,352.8005276249713,
39.283701,-76.603718,2019,6,900.9680113341274,1565.0
39.283701,-76.603718,2019,7,-12.490113057432309,52.0
39.283701,-76.603718,2019,8,763.2112591939416,3381.5
39.283701,-76.603718,2019,9,-434.6659200012274,
39.283701,-76.603718,2019,10,903.7269774219836,959.0
39.283701,-76.603718,2019,11,-508.77483240943405,52.0
39.283701,-76.603718,2019,12,-1633.2494182007617,
39.283701,-76.603718,2020,4,-530.6682958580393,
39.283701,-76.603718,2020,5,-55.548387338197976,10.0
39.283701,-76.603718,2020,6,258.55262083096636,153.5
39.283701,-76.603718,2020,7,921.2928838315808,5743.5
39.283701,-76.603718,2020,8,2352.5359269042483,6819.666666666667
39.283701,-76.603718,2020,9,1411.4796837124297,2603.0
